construct,construct_id,category,citation,item_no,item_text,reverse_scored,status,verified_ok (RA: yes/no),correction_if_wrong,notes
Emotional loneliness (6-item De Jong Gierveld Loneliness Scale),6_item_de_jong_gierveld_loneliness_scale_emotional_loneliness,Loneliness,"De Jong Gierveld, J., & Van Tilburg, T. (2006). A 6-item scale for overall, emotional, and social loneliness. Research on Aging, 28(5), 582–598. https://doi.org/10.1177/0164027506289723",1,I experience a general sense of emptiness,False,needs_verification,,,
Emotional loneliness (6-item De Jong Gierveld Loneliness Scale),6_item_de_jong_gierveld_loneliness_scale_emotional_loneliness,Loneliness,"De Jong Gierveld, J., & Van Tilburg, T. (2006). A 6-item scale for overall, emotional, and social loneliness. Research on Aging, 28(5), 582–598. https://doi.org/10.1177/0164027506289723",2,I miss having people around me,False,needs_verification,,,
Emotional loneliness (6-item De Jong Gierveld Loneliness Scale),6_item_de_jong_gierveld_loneliness_scale_emotional_loneliness,Loneliness,"De Jong Gierveld, J., & Van Tilburg, T. (2006). A 6-item scale for overall, emotional, and social loneliness. Research on Aging, 28(5), 582–598. https://doi.org/10.1177/0164027506289723",3,I often feel rejected,False,needs_verification,,,
Social loneliness (6-item De Jong Gierveld Loneliness Scale),6_item_de_jong_gierveld_loneliness_scale_social_loneliness,Loneliness,"De Jong Gierveld, J., & Van Tilburg, T. (2006). A 6-item scale for overall, emotional, and social loneliness. Research on Aging, 28(5), 582–598. https://doi.org/10.1177/0164027506289723",1,There are plenty of people I can rely on when I have problems,False,needs_verification,,,
Social loneliness (6-item De Jong Gierveld Loneliness Scale),6_item_de_jong_gierveld_loneliness_scale_social_loneliness,Loneliness,"De Jong Gierveld, J., & Van Tilburg, T. (2006). A 6-item scale for overall, emotional, and social loneliness. Research on Aging, 28(5), 582–598. https://doi.org/10.1177/0164027506289723",2,There are many people I can trust completely,False,needs_verification,,,
Social loneliness (6-item De Jong Gierveld Loneliness Scale),6_item_de_jong_gierveld_loneliness_scale_social_loneliness,Loneliness,"De Jong Gierveld, J., & Van Tilburg, T. (2006). A 6-item scale for overall, emotional, and social loneliness. Research on Aging, 28(5), 582–598. https://doi.org/10.1177/0164027506289723",3,There are enough people I feel close to,False,needs_verification,,,
Agency (Adult Hope Scale),adult_hope_scale_agency,Hope,"Snyder, C. R., Harris, C., Anderson, J. R., Holleran, S. A., Irving, L. M., Sigmon, S. T., Yoshinobu, L., Gibb, J., Langelle, C., & Harney, P. (1991). The will and the ways: Development and validation of an individual-differences measure of hope. Journal of Personality and Social Psychology, 60(4), 570–585. https://doi.org/10.1037/0022-3514.60.4.570",1,I energetically pursue my goals.,False,needs_verification,,,
Agency (Adult Hope Scale),adult_hope_scale_agency,Hope,"Snyder, C. R., Harris, C., Anderson, J. R., Holleran, S. A., Irving, L. M., Sigmon, S. T., Yoshinobu, L., Gibb, J., Langelle, C., & Harney, P. (1991). The will and the ways: Development and validation of an individual-differences measure of hope. Journal of Personality and Social Psychology, 60(4), 570–585. https://doi.org/10.1037/0022-3514.60.4.570",2,My past experiences have prepared me well for my future.,False,needs_verification,,,
Agency (Adult Hope Scale),adult_hope_scale_agency,Hope,"Snyder, C. R., Harris, C., Anderson, J. R., Holleran, S. A., Irving, L. M., Sigmon, S. T., Yoshinobu, L., Gibb, J., Langelle, C., & Harney, P. (1991). The will and the ways: Development and validation of an individual-differences measure of hope. Journal of Personality and Social Psychology, 60(4), 570–585. https://doi.org/10.1037/0022-3514.60.4.570",3,I’ve been pretty successful in life.,False,needs_verification,,,
Agency (Adult Hope Scale),adult_hope_scale_agency,Hope,"Snyder, C. R., Harris, C., Anderson, J. R., Holleran, S. A., Irving, L. M., Sigmon, S. T., Yoshinobu, L., Gibb, J., Langelle, C., & Harney, P. (1991). The will and the ways: Development and validation of an individual-differences measure of hope. Journal of Personality and Social Psychology, 60(4), 570–585. https://doi.org/10.1037/0022-3514.60.4.570",4,I meet the goals that I set for myself.,False,needs_verification,,,
Pathways (Adult Hope Scale),adult_hope_scale_pathways,Hope,"Snyder, C. R., Harris, C., Anderson, J. R., Holleran, S. A., Irving, L. M., Sigmon, S. T., Yoshinobu, L., Gibb, J., Langelle, C., & Harney, P. (1991). The will and the ways: Development and validation of an individual-differences measure of hope. Journal of Personality and Social Psychology, 60(4), 570–585. https://doi.org/10.1037/0022-3514.60.4.570",1,I can think of many ways to get out of a jam.,False,needs_verification,,,
Pathways (Adult Hope Scale),adult_hope_scale_pathways,Hope,"Snyder, C. R., Harris, C., Anderson, J. R., Holleran, S. A., Irving, L. M., Sigmon, S. T., Yoshinobu, L., Gibb, J., Langelle, C., & Harney, P. (1991). The will and the ways: Development and validation of an individual-differences measure of hope. Journal of Personality and Social Psychology, 60(4), 570–585. https://doi.org/10.1037/0022-3514.60.4.570",2,There are lots of ways around any problem.,False,needs_verification,,,
Pathways (Adult Hope Scale),adult_hope_scale_pathways,Hope,"Snyder, C. R., Harris, C., Anderson, J. R., Holleran, S. A., Irving, L. M., Sigmon, S. T., Yoshinobu, L., Gibb, J., Langelle, C., & Harney, P. (1991). The will and the ways: Development and validation of an individual-differences measure of hope. Journal of Personality and Social Psychology, 60(4), 570–585. https://doi.org/10.1037/0022-3514.60.4.570",3,I can think of many ways to get the things in life that are most important to me.,False,needs_verification,,,
Pathways (Adult Hope Scale),adult_hope_scale_pathways,Hope,"Snyder, C. R., Harris, C., Anderson, J. R., Holleran, S. A., Irving, L. M., Sigmon, S. T., Yoshinobu, L., Gibb, J., Langelle, C., & Harney, P. (1991). The will and the ways: Development and validation of an individual-differences measure of hope. Journal of Personality and Social Psychology, 60(4), 570–585. https://doi.org/10.1037/0022-3514.60.4.570",4,"Even when others get discouraged, I know I can find a way to solve the problem.",False,needs_verification,,,
Body Appreciation Scale-2 (BAS-2),bas_2,Body appreciation / body image,"Tylka, T. L., & Wood-Barcalow, N. L. (2015). The Body Appreciation Scale-2: Item refinement and psychometric evaluation. Body Image, 12, 53–67. https://doi.org/10.1016/j.bodyim.2014.09.006",1,I respect my body.,False,needs_verification,,,
Body Appreciation Scale-2 (BAS-2),bas_2,Body appreciation / body image,"Tylka, T. L., & Wood-Barcalow, N. L. (2015). The Body Appreciation Scale-2: Item refinement and psychometric evaluation. Body Image, 12, 53–67. https://doi.org/10.1016/j.bodyim.2014.09.006",2,I feel good about my body.,False,needs_verification,,,
Body Appreciation Scale-2 (BAS-2),bas_2,Body appreciation / body image,"Tylka, T. L., & Wood-Barcalow, N. L. (2015). The Body Appreciation Scale-2: Item refinement and psychometric evaluation. Body Image, 12, 53–67. https://doi.org/10.1016/j.bodyim.2014.09.006",3,I feel that my body has at least some good qualities.,False,needs_verification,,,
Body Appreciation Scale-2 (BAS-2),bas_2,Body appreciation / body image,"Tylka, T. L., & Wood-Barcalow, N. L. (2015). The Body Appreciation Scale-2: Item refinement and psychometric evaluation. Body Image, 12, 53–67. https://doi.org/10.1016/j.bodyim.2014.09.006",4,I take a positive attitude towards my body.,False,needs_verification,,,
Body Appreciation Scale-2 (BAS-2),bas_2,Body appreciation / body image,"Tylka, T. L., & Wood-Barcalow, N. L. (2015). The Body Appreciation Scale-2: Item refinement and psychometric evaluation. Body Image, 12, 53–67. https://doi.org/10.1016/j.bodyim.2014.09.006",5,I am attentive to my body's needs.,False,needs_verification,,,
Body Appreciation Scale-2 (BAS-2),bas_2,Body appreciation / body image,"Tylka, T. L., & Wood-Barcalow, N. L. (2015). The Body Appreciation Scale-2: Item refinement and psychometric evaluation. Body Image, 12, 53–67. https://doi.org/10.1016/j.bodyim.2014.09.006",6,I feel love for my body.,False,needs_verification,,,
Body Appreciation Scale-2 (BAS-2),bas_2,Body appreciation / body image,"Tylka, T. L., & Wood-Barcalow, N. L. (2015). The Body Appreciation Scale-2: Item refinement and psychometric evaluation. Body Image, 12, 53–67. https://doi.org/10.1016/j.bodyim.2014.09.006",7,I appreciate the different and unique characteristics of my body.,False,needs_verification,,,
Body Appreciation Scale-2 (BAS-2),bas_2,Body appreciation / body image,"Tylka, T. L., & Wood-Barcalow, N. L. (2015). The Body Appreciation Scale-2: Item refinement and psychometric evaluation. Body Image, 12, 53–67. https://doi.org/10.1016/j.bodyim.2014.09.006",8,"My behavior reveals my positive attitude toward my body; for example, I hold my head high and smile.",False,needs_verification,,,
Body Appreciation Scale-2 (BAS-2),bas_2,Body appreciation / body image,"Tylka, T. L., & Wood-Barcalow, N. L. (2015). The Body Appreciation Scale-2: Item refinement and psychometric evaluation. Body Image, 12, 53–67. https://doi.org/10.1016/j.bodyim.2014.09.006",9,I am comfortable in my body.,False,needs_verification,,,
Body Appreciation Scale-2 (BAS-2),bas_2,Body appreciation / body image,"Tylka, T. L., & Wood-Barcalow, N. L. (2015). The Body Appreciation Scale-2: Item refinement and psychometric evaluation. Body Image, 12, 53–67. https://doi.org/10.1016/j.bodyim.2014.09.006",10,"I feel like I am beautiful even if I am different from media images of attractive people (e.g., models, actresses/actors).",False,needs_verification,,,
Acceptance (Brief COPE),brief_cope_acceptance,Coping,"Carver, C. S. (1997). You want to measure coping but your protocol’s too long: Consider the Brief COPE. International Journal of Behavioral Medicine, 4(1), 92–100. https://doi.org/10.1207/s15327558ijbm0401_6",1,I've been accepting the reality of the fact that it has happened.,False,needs_verification,,,
Acceptance (Brief COPE),brief_cope_acceptance,Coping,"Carver, C. S. (1997). You want to measure coping but your protocol’s too long: Consider the Brief COPE. International Journal of Behavioral Medicine, 4(1), 92–100. https://doi.org/10.1207/s15327558ijbm0401_6",2,I've been learning to live with it.,False,needs_verification,,,
Active coping (Brief COPE),brief_cope_active_coping,Coping,"Carver, C. S. (1997). You want to measure coping but your protocol’s too long: Consider the Brief COPE. International Journal of Behavioral Medicine, 4(1), 92–100. https://doi.org/10.1207/s15327558ijbm0401_6",1,I've been concentrating my efforts on doing something about the situation I'm in.,False,needs_verification,,,
Active coping (Brief COPE),brief_cope_active_coping,Coping,"Carver, C. S. (1997). You want to measure coping but your protocol’s too long: Consider the Brief COPE. International Journal of Behavioral Medicine, 4(1), 92–100. https://doi.org/10.1207/s15327558ijbm0401_6",2,I've been taking action to try to make the situation better.,False,needs_verification,,,
Behavioral disengagement (Brief COPE),brief_cope_behavioral_disengagement,Coping,"Carver, C. S. (1997). You want to measure coping but your protocol’s too long: Consider the Brief COPE. International Journal of Behavioral Medicine, 4(1), 92–100. https://doi.org/10.1207/s15327558ijbm0401_6",1,I've been giving up trying to deal with it.,False,needs_verification,,,
Behavioral disengagement (Brief COPE),brief_cope_behavioral_disengagement,Coping,"Carver, C. S. (1997). You want to measure coping but your protocol’s too long: Consider the Brief COPE. International Journal of Behavioral Medicine, 4(1), 92–100. https://doi.org/10.1207/s15327558ijbm0401_6",2,I've been giving up the attempt to cope.,False,needs_verification,,,
Denial (Brief COPE),brief_cope_denial,Coping,"Carver, C. S. (1997). You want to measure coping but your protocol’s too long: Consider the Brief COPE. International Journal of Behavioral Medicine, 4(1), 92–100. https://doi.org/10.1207/s15327558ijbm0401_6",1,"I've been saying to myself ""this isn't real.""",False,needs_verification,,,
Denial (Brief COPE),brief_cope_denial,Coping,"Carver, C. S. (1997). You want to measure coping but your protocol’s too long: Consider the Brief COPE. International Journal of Behavioral Medicine, 4(1), 92–100. https://doi.org/10.1207/s15327558ijbm0401_6",2,I've been refusing to believe that it has happened.,False,needs_verification,,,
Humor (Brief COPE),brief_cope_humor,Coping,"Carver, C. S. (1997). You want to measure coping but your protocol’s too long: Consider the Brief COPE. International Journal of Behavioral Medicine, 4(1), 92–100. https://doi.org/10.1207/s15327558ijbm0401_6",1,I've been making jokes about it.,False,needs_verification,,,
Humor (Brief COPE),brief_cope_humor,Coping,"Carver, C. S. (1997). You want to measure coping but your protocol’s too long: Consider the Brief COPE. International Journal of Behavioral Medicine, 4(1), 92–100. https://doi.org/10.1207/s15327558ijbm0401_6",2,I've been making fun of the situation.,False,needs_verification,,,
Planning (Brief COPE),brief_cope_planning,Coping,"Carver, C. S. (1997). You want to measure coping but your protocol’s too long: Consider the Brief COPE. International Journal of Behavioral Medicine, 4(1), 92–100. https://doi.org/10.1207/s15327558ijbm0401_6",1,I've been trying to come up with a strategy about what to do.,False,needs_verification,,,
Planning (Brief COPE),brief_cope_planning,Coping,"Carver, C. S. (1997). You want to measure coping but your protocol’s too long: Consider the Brief COPE. International Journal of Behavioral Medicine, 4(1), 92–100. https://doi.org/10.1207/s15327558ijbm0401_6",2,I've been thinking hard about what steps to take.,False,needs_verification,,,
Positive reframing (Brief COPE),brief_cope_positive_reframing,Coping,"Carver, C. S. (1997). You want to measure coping but your protocol’s too long: Consider the Brief COPE. International Journal of Behavioral Medicine, 4(1), 92–100. https://doi.org/10.1207/s15327558ijbm0401_6",1,"I've been trying to see it in a different light, to make it seem more positive.",False,needs_verification,,,
Positive reframing (Brief COPE),brief_cope_positive_reframing,Coping,"Carver, C. S. (1997). You want to measure coping but your protocol’s too long: Consider the Brief COPE. International Journal of Behavioral Medicine, 4(1), 92–100. https://doi.org/10.1207/s15327558ijbm0401_6",2,I've been looking for something good in what is happening.,False,needs_verification,,,
Religion (Brief COPE),brief_cope_religion,Coping,"Carver, C. S. (1997). You want to measure coping but your protocol’s too long: Consider the Brief COPE. International Journal of Behavioral Medicine, 4(1), 92–100. https://doi.org/10.1207/s15327558ijbm0401_6",1,I've been trying to find comfort in my religion or spiritual beliefs.,False,needs_verification,,,
Religion (Brief COPE),brief_cope_religion,Coping,"Carver, C. S. (1997). You want to measure coping but your protocol’s too long: Consider the Brief COPE. International Journal of Behavioral Medicine, 4(1), 92–100. https://doi.org/10.1207/s15327558ijbm0401_6",2,I've been praying or meditating.,False,needs_verification,,,
Self-blame (Brief COPE),brief_cope_self_blame,Coping,"Carver, C. S. (1997). You want to measure coping but your protocol’s too long: Consider the Brief COPE. International Journal of Behavioral Medicine, 4(1), 92–100. https://doi.org/10.1207/s15327558ijbm0401_6",1,I’ve been criticizing myself.,False,needs_verification,,,
Self-blame (Brief COPE),brief_cope_self_blame,Coping,"Carver, C. S. (1997). You want to measure coping but your protocol’s too long: Consider the Brief COPE. International Journal of Behavioral Medicine, 4(1), 92–100. https://doi.org/10.1207/s15327558ijbm0401_6",2,I’ve been blaming myself for things that happened.,False,needs_verification,,,
Self-distraction (Brief COPE),brief_cope_self_distraction,Coping,"Carver, C. S. (1997). You want to measure coping but your protocol’s too long: Consider the Brief COPE. International Journal of Behavioral Medicine, 4(1), 92–100. https://doi.org/10.1207/s15327558ijbm0401_6",1,I've been turning to work or other activities to take my mind off things.,False,needs_verification,,,
Self-distraction (Brief COPE),brief_cope_self_distraction,Coping,"Carver, C. S. (1997). You want to measure coping but your protocol’s too long: Consider the Brief COPE. International Journal of Behavioral Medicine, 4(1), 92–100. https://doi.org/10.1207/s15327558ijbm0401_6",2,"I've been doing something to think about it less, such as going to movies, watching TV, reading, daydreaming, sleeping, or shopping.",False,needs_verification,,,
Substance use (Brief COPE),brief_cope_substance_use,Coping,"Carver, C. S. (1997). You want to measure coping but your protocol’s too long: Consider the Brief COPE. International Journal of Behavioral Medicine, 4(1), 92–100. https://doi.org/10.1207/s15327558ijbm0401_6",1,I've been using alcohol or other drugs to make myself feel better.,False,needs_verification,,,
Substance use (Brief COPE),brief_cope_substance_use,Coping,"Carver, C. S. (1997). You want to measure coping but your protocol’s too long: Consider the Brief COPE. International Journal of Behavioral Medicine, 4(1), 92–100. https://doi.org/10.1207/s15327558ijbm0401_6",2,I've been using alcohol or other drugs to help me get through it.,False,needs_verification,,,
Use of emotional support (Brief COPE),brief_cope_use_of_emotional_support,Coping,"Carver, C. S. (1997). You want to measure coping but your protocol’s too long: Consider the Brief COPE. International Journal of Behavioral Medicine, 4(1), 92–100. https://doi.org/10.1207/s15327558ijbm0401_6",1,I've been getting emotional support from others.,False,needs_verification,,,
Use of emotional support (Brief COPE),brief_cope_use_of_emotional_support,Coping,"Carver, C. S. (1997). You want to measure coping but your protocol’s too long: Consider the Brief COPE. International Journal of Behavioral Medicine, 4(1), 92–100. https://doi.org/10.1207/s15327558ijbm0401_6",2,I've been getting comfort and understanding from someone.,False,needs_verification,,,
Use of instrumental support (Brief COPE),brief_cope_use_of_instrumental_support,Coping,"Carver, C. S. (1997). You want to measure coping but your protocol’s too long: Consider the Brief COPE. International Journal of Behavioral Medicine, 4(1), 92–100. https://doi.org/10.1207/s15327558ijbm0401_6",1,I’ve been getting help and advice from other people.,False,needs_verification,,,
Use of instrumental support (Brief COPE),brief_cope_use_of_instrumental_support,Coping,"Carver, C. S. (1997). You want to measure coping but your protocol’s too long: Consider the Brief COPE. International Journal of Behavioral Medicine, 4(1), 92–100. https://doi.org/10.1207/s15327558ijbm0401_6",2,I’ve been trying to get advice or help from other people about what to do.,False,needs_verification,,,
Venting (Brief COPE),brief_cope_venting,Coping,"Carver, C. S. (1997). You want to measure coping but your protocol’s too long: Consider the Brief COPE. International Journal of Behavioral Medicine, 4(1), 92–100. https://doi.org/10.1207/s15327558ijbm0401_6",1,I've been saying things to let my unpleasant feelings escape.,False,needs_verification,,,
Venting (Brief COPE),brief_cope_venting,Coping,"Carver, C. S. (1997). You want to measure coping but your protocol’s too long: Consider the Brief COPE. International Journal of Behavioral Medicine, 4(1), 92–100. https://doi.org/10.1207/s15327558ijbm0401_6",2,I've been expressing my negative feelings.,False,needs_verification,,,
Brief Resilience Scale (BRS),brs,Resilience,"Smith, B. W., Dalen, J., Wiggins, K., Tooley, E., Christopher, P., & Bernard, J. (2008). The Brief Resilience Scale: Assessing the ability to bounce back. International Journal of Behavioral Medicine, 15(3), 194–200. https://doi.org/10.1080/10705500802222972",1,I tend to bounce back quickly after hard times.,False,needs_verification,,,
Brief Resilience Scale (BRS),brs,Resilience,"Smith, B. W., Dalen, J., Wiggins, K., Tooley, E., Christopher, P., & Bernard, J. (2008). The Brief Resilience Scale: Assessing the ability to bounce back. International Journal of Behavioral Medicine, 15(3), 194–200. https://doi.org/10.1080/10705500802222972",2,I have a hard time making it through stressful events.,False,needs_verification,,,
Brief Resilience Scale (BRS),brs,Resilience,"Smith, B. W., Dalen, J., Wiggins, K., Tooley, E., Christopher, P., & Bernard, J. (2008). The Brief Resilience Scale: Assessing the ability to bounce back. International Journal of Behavioral Medicine, 15(3), 194–200. https://doi.org/10.1080/10705500802222972",3,It does not take me long to recover from a stressful event.,False,needs_verification,,,
Brief Resilience Scale (BRS),brs,Resilience,"Smith, B. W., Dalen, J., Wiggins, K., Tooley, E., Christopher, P., & Bernard, J. (2008). The Brief Resilience Scale: Assessing the ability to bounce back. International Journal of Behavioral Medicine, 15(3), 194–200. https://doi.org/10.1080/10705500802222972",4,It is hard for me to snap back when something bad happens.,False,needs_verification,,,
Brief Resilience Scale (BRS),brs,Resilience,"Smith, B. W., Dalen, J., Wiggins, K., Tooley, E., Christopher, P., & Bernard, J. (2008). The Brief Resilience Scale: Assessing the ability to bounce back. International Journal of Behavioral Medicine, 15(3), 194–200. https://doi.org/10.1080/10705500802222972",5,I usually come through difficult times with little trouble.,False,needs_verification,,,
Brief Resilience Scale (BRS),brs,Resilience,"Smith, B. W., Dalen, J., Wiggins, K., Tooley, E., Christopher, P., & Bernard, J. (2008). The Brief Resilience Scale: Assessing the ability to bounce back. International Journal of Behavioral Medicine, 15(3), 194–200. https://doi.org/10.1080/10705500802222972",6,I tend to take a long time to get over set-backs in my life.,False,needs_verification,,,
CAGE Questionnaire,cage_questionnaire,Alcohol use risk,"Ewing, J. A. (1984). Detecting alcoholism: The CAGE questionnaire. JAMA, 252(14), 1905–1907. https://doi.org/10.1001/jama.1984.03350140051025",1,Have you ever felt you ought to Cut down on your drinking?,False,needs_verification,,,
CAGE Questionnaire,cage_questionnaire,Alcohol use risk,"Ewing, J. A. (1984). Detecting alcoholism: The CAGE questionnaire. JAMA, 252(14), 1905–1907. https://doi.org/10.1001/jama.1984.03350140051025",2,Have people Annoyed you by criticizing your drinking?,False,needs_verification,,,
CAGE Questionnaire,cage_questionnaire,Alcohol use risk,"Ewing, J. A. (1984). Detecting alcoholism: The CAGE questionnaire. JAMA, 252(14), 1905–1907. https://doi.org/10.1001/jama.1984.03350140051025",3,Have you ever felt bad or Guilty about your drinking?,False,needs_verification,,,
CAGE Questionnaire,cage_questionnaire,Alcohol use risk,"Ewing, J. A. (1984). Detecting alcoholism: The CAGE questionnaire. JAMA, 252(14), 1905–1907. https://doi.org/10.1001/jama.1984.03350140051025",4,Have you ever had a drink first thing in the morning to steady your nerves or to get rid of a hangover (Eye-opener)?,False,needs_verification,,,
Client-related burnout (CBI),cbi_client_related_burnout,Burnout,"Kristensen, T. S., Borritz, M., Villadsen, E., & Christensen, K. B. (2005). The Copenhagen Burnout Inventory: A new tool for the assessment of burnout. Work & Stress, 19(3), 192–207. https://doi.org/10.1080/02678370500297720",1,Do you find it hard to work with clients?,False,needs_verification,,,
Client-related burnout (CBI),cbi_client_related_burnout,Burnout,"Kristensen, T. S., Borritz, M., Villadsen, E., & Christensen, K. B. (2005). The Copenhagen Burnout Inventory: A new tool for the assessment of burnout. Work & Stress, 19(3), 192–207. https://doi.org/10.1080/02678370500297720",2,Do you find it frustrating to work with clients?,False,needs_verification,,,
Client-related burnout (CBI),cbi_client_related_burnout,Burnout,"Kristensen, T. S., Borritz, M., Villadsen, E., & Christensen, K. B. (2005). The Copenhagen Burnout Inventory: A new tool for the assessment of burnout. Work & Stress, 19(3), 192–207. https://doi.org/10.1080/02678370500297720",3,Does it drain your energy to work with clients?,False,needs_verification,,,
Client-related burnout (CBI),cbi_client_related_burnout,Burnout,"Kristensen, T. S., Borritz, M., Villadsen, E., & Christensen, K. B. (2005). The Copenhagen Burnout Inventory: A new tool for the assessment of burnout. Work & Stress, 19(3), 192–207. https://doi.org/10.1080/02678370500297720",4,Do you feel that you give more than you get back when you work with clients?,False,needs_verification,,,
Client-related burnout (CBI),cbi_client_related_burnout,Burnout,"Kristensen, T. S., Borritz, M., Villadsen, E., & Christensen, K. B. (2005). The Copenhagen Burnout Inventory: A new tool for the assessment of burnout. Work & Stress, 19(3), 192–207. https://doi.org/10.1080/02678370500297720",5,Are you tired of working with clients?,False,needs_verification,,,
Client-related burnout (CBI),cbi_client_related_burnout,Burnout,"Kristensen, T. S., Borritz, M., Villadsen, E., & Christensen, K. B. (2005). The Copenhagen Burnout Inventory: A new tool for the assessment of burnout. Work & Stress, 19(3), 192–207. https://doi.org/10.1080/02678370500297720",6,Do you sometimes wonder how long you will be able to continue working with clients?,False,needs_verification,,,
Personal burnout (CBI),cbi_personal_burnout,Burnout,"Kristensen, T. S., Borritz, M., Villadsen, E., & Christensen, K. B. (2005). The Copenhagen Burnout Inventory: A new tool for the assessment of burnout. Work & Stress, 19(3), 192–207. https://doi.org/10.1080/02678370500297720",1,How often do you feel tired?,False,needs_verification,,,
Personal burnout (CBI),cbi_personal_burnout,Burnout,"Kristensen, T. S., Borritz, M., Villadsen, E., & Christensen, K. B. (2005). The Copenhagen Burnout Inventory: A new tool for the assessment of burnout. Work & Stress, 19(3), 192–207. https://doi.org/10.1080/02678370500297720",2,How often are you physically exhausted?,False,needs_verification,,,
Personal burnout (CBI),cbi_personal_burnout,Burnout,"Kristensen, T. S., Borritz, M., Villadsen, E., & Christensen, K. B. (2005). The Copenhagen Burnout Inventory: A new tool for the assessment of burnout. Work & Stress, 19(3), 192–207. https://doi.org/10.1080/02678370500297720",3,How often are you emotionally exhausted?,False,needs_verification,,,
Personal burnout (CBI),cbi_personal_burnout,Burnout,"Kristensen, T. S., Borritz, M., Villadsen, E., & Christensen, K. B. (2005). The Copenhagen Burnout Inventory: A new tool for the assessment of burnout. Work & Stress, 19(3), 192–207. https://doi.org/10.1080/02678370500297720",4,"How often do you think: ""I can't take it anymore""?",False,needs_verification,,,
Personal burnout (CBI),cbi_personal_burnout,Burnout,"Kristensen, T. S., Borritz, M., Villadsen, E., & Christensen, K. B. (2005). The Copenhagen Burnout Inventory: A new tool for the assessment of burnout. Work & Stress, 19(3), 192–207. https://doi.org/10.1080/02678370500297720",5,How often do you feel worn out?,False,needs_verification,,,
Personal burnout (CBI),cbi_personal_burnout,Burnout,"Kristensen, T. S., Borritz, M., Villadsen, E., & Christensen, K. B. (2005). The Copenhagen Burnout Inventory: A new tool for the assessment of burnout. Work & Stress, 19(3), 192–207. https://doi.org/10.1080/02678370500297720",6,How often do you feel weak and susceptible to illness?,False,needs_verification,,,
Work-related burnout (CBI),cbi_work_related_burnout,Burnout,"Kristensen, T. S., Borritz, M., Villadsen, E., & Christensen, K. B. (2005). The Copenhagen Burnout Inventory: A new tool for the assessment of burnout. Work & Stress, 19(3), 192–207. https://doi.org/10.1080/02678370500297720",1,Is your work emotionally exhausting?,False,needs_verification,,,
Work-related burnout (CBI),cbi_work_related_burnout,Burnout,"Kristensen, T. S., Borritz, M., Villadsen, E., & Christensen, K. B. (2005). The Copenhagen Burnout Inventory: A new tool for the assessment of burnout. Work & Stress, 19(3), 192–207. https://doi.org/10.1080/02678370500297720",2,Do you feel burnt out because of your work?,False,needs_verification,,,
Work-related burnout (CBI),cbi_work_related_burnout,Burnout,"Kristensen, T. S., Borritz, M., Villadsen, E., & Christensen, K. B. (2005). The Copenhagen Burnout Inventory: A new tool for the assessment of burnout. Work & Stress, 19(3), 192–207. https://doi.org/10.1080/02678370500297720",3,Does your work frustrate you?,False,needs_verification,,,
Work-related burnout (CBI),cbi_work_related_burnout,Burnout,"Kristensen, T. S., Borritz, M., Villadsen, E., & Christensen, K. B. (2005). The Copenhagen Burnout Inventory: A new tool for the assessment of burnout. Work & Stress, 19(3), 192–207. https://doi.org/10.1080/02678370500297720",4,Do you feel worn out at the end of the working day?,False,needs_verification,,,
Work-related burnout (CBI),cbi_work_related_burnout,Burnout,"Kristensen, T. S., Borritz, M., Villadsen, E., & Christensen, K. B. (2005). The Copenhagen Burnout Inventory: A new tool for the assessment of burnout. Work & Stress, 19(3), 192–207. https://doi.org/10.1080/02678370500297720",5,Are you exhausted in the morning at the thought of another day at work?,False,needs_verification,,,
Work-related burnout (CBI),cbi_work_related_burnout,Burnout,"Kristensen, T. S., Borritz, M., Villadsen, E., & Christensen, K. B. (2005). The Copenhagen Burnout Inventory: A new tool for the assessment of burnout. Work & Stress, 19(3), 192–207. https://doi.org/10.1080/02678370500297720",6,Do you feel that every working hour is tiring for you?,False,needs_verification,,,
Work-related burnout (CBI),cbi_work_related_burnout,Burnout,"Kristensen, T. S., Borritz, M., Villadsen, E., & Christensen, K. B. (2005). The Copenhagen Burnout Inventory: A new tool for the assessment of burnout. Work & Stress, 19(3), 192–207. https://doi.org/10.1080/02678370500297720",7,Do you have enough energy for family and friends during leisure time?,True,needs_verification,,,
Collectivism (Horizontal),collectivism_horizontal,cultural-orientation,"Triandis, H. C., & Gelfand, M. J. (1998). Converging measurement of horizontal and vertical individualism and collectivism. JPSP, 74(1).",1,"If a coworker gets a prize, I would feel proud.",False,needs_verification,,,
Collectivism (Horizontal),collectivism_horizontal,cultural-orientation,"Triandis, H. C., & Gelfand, M. J. (1998). Converging measurement of horizontal and vertical individualism and collectivism. JPSP, 74(1).",2,The well-being of my coworkers is important to me.,False,needs_verification,,,
Collectivism (Horizontal),collectivism_horizontal,cultural-orientation,"Triandis, H. C., & Gelfand, M. J. (1998). Converging measurement of horizontal and vertical individualism and collectivism. JPSP, 74(1).",3,"To me, pleasure is spending time with others.",False,needs_verification,,,
Collectivism (Horizontal),collectivism_horizontal,cultural-orientation,"Triandis, H. C., & Gelfand, M. J. (1998). Converging measurement of horizontal and vertical individualism and collectivism. JPSP, 74(1).",4,I feel good when I cooperate with others.,False,needs_verification,,,
Anxiety (DASS-21),dass_21_anxiety,Depression/anxiety/stress symptoms,"Lovibond, S. H., & Lovibond, P. F. (1995). Manual for the Depression Anxiety Stress Scales (2nd ed.). Psychology Foundation of Australia.",1,I was aware of dryness of my mouth,False,needs_verification,,,
Anxiety (DASS-21),dass_21_anxiety,Depression/anxiety/stress symptoms,"Lovibond, S. H., & Lovibond, P. F. (1995). Manual for the Depression Anxiety Stress Scales (2nd ed.). Psychology Foundation of Australia.",2,"I experienced breathing difficulty (e.g. excessively rapid breathing, breathlessness in the absence of physical exertion)",False,needs_verification,,,
Anxiety (DASS-21),dass_21_anxiety,Depression/anxiety/stress symptoms,"Lovibond, S. H., & Lovibond, P. F. (1995). Manual for the Depression Anxiety Stress Scales (2nd ed.). Psychology Foundation of Australia.",3,I experienced trembling (e.g. in the hands),False,needs_verification,,,
Anxiety (DASS-21),dass_21_anxiety,Depression/anxiety/stress symptoms,"Lovibond, S. H., & Lovibond, P. F. (1995). Manual for the Depression Anxiety Stress Scales (2nd ed.). Psychology Foundation of Australia.",4,I was worried about situations in which I might panic and make a fool of myself,False,needs_verification,,,
Anxiety (DASS-21),dass_21_anxiety,Depression/anxiety/stress symptoms,"Lovibond, S. H., & Lovibond, P. F. (1995). Manual for the Depression Anxiety Stress Scales (2nd ed.). Psychology Foundation of Australia.",5,I felt I was close to panic,False,needs_verification,,,
Anxiety (DASS-21),dass_21_anxiety,Depression/anxiety/stress symptoms,"Lovibond, S. H., & Lovibond, P. F. (1995). Manual for the Depression Anxiety Stress Scales (2nd ed.). Psychology Foundation of Australia.",6,"I was aware of the action of my heart in the absence of physical exertion (e.g. sense of heart rate increase, heart missing a beat)",False,needs_verification,,,
Anxiety (DASS-21),dass_21_anxiety,Depression/anxiety/stress symptoms,"Lovibond, S. H., & Lovibond, P. F. (1995). Manual for the Depression Anxiety Stress Scales (2nd ed.). Psychology Foundation of Australia.",7,I felt scared without any good reason,False,needs_verification,,,
Depression (DASS-21),dass_21_depression,Depression/anxiety/stress symptoms,"Lovibond, S. H., & Lovibond, P. F. (1995). Manual for the Depression Anxiety Stress Scales (2nd ed.). Psychology Foundation of Australia.",1,I couldn’t seem to experience any positive feeling at all,False,needs_verification,,,
Depression (DASS-21),dass_21_depression,Depression/anxiety/stress symptoms,"Lovibond, S. H., & Lovibond, P. F. (1995). Manual for the Depression Anxiety Stress Scales (2nd ed.). Psychology Foundation of Australia.",2,I found it difficult to work up the initiative to do things,False,needs_verification,,,
Depression (DASS-21),dass_21_depression,Depression/anxiety/stress symptoms,"Lovibond, S. H., & Lovibond, P. F. (1995). Manual for the Depression Anxiety Stress Scales (2nd ed.). Psychology Foundation of Australia.",3,I felt that I had nothing to look forward to,False,needs_verification,,,
Depression (DASS-21),dass_21_depression,Depression/anxiety/stress symptoms,"Lovibond, S. H., & Lovibond, P. F. (1995). Manual for the Depression Anxiety Stress Scales (2nd ed.). Psychology Foundation of Australia.",4,I felt down-hearted and blue,False,needs_verification,,,
Depression (DASS-21),dass_21_depression,Depression/anxiety/stress symptoms,"Lovibond, S. H., & Lovibond, P. F. (1995). Manual for the Depression Anxiety Stress Scales (2nd ed.). Psychology Foundation of Australia.",5,I was unable to become enthusiastic about anything,False,needs_verification,,,
Depression (DASS-21),dass_21_depression,Depression/anxiety/stress symptoms,"Lovibond, S. H., & Lovibond, P. F. (1995). Manual for the Depression Anxiety Stress Scales (2nd ed.). Psychology Foundation of Australia.",6,I felt I wasn’t worth much as a person,False,needs_verification,,,
Depression (DASS-21),dass_21_depression,Depression/anxiety/stress symptoms,"Lovibond, S. H., & Lovibond, P. F. (1995). Manual for the Depression Anxiety Stress Scales (2nd ed.). Psychology Foundation of Australia.",7,I felt that life was meaningless,False,needs_verification,,,
Stress (DASS-21),dass_21_stress,Depression/anxiety/stress symptoms,"Lovibond, S. H., & Lovibond, P. F. (1995). Manual for the Depression Anxiety Stress Scales (2nd ed.). Psychology Foundation of Australia.",1,I found it hard to wind down,False,needs_verification,,,
Stress (DASS-21),dass_21_stress,Depression/anxiety/stress symptoms,"Lovibond, S. H., & Lovibond, P. F. (1995). Manual for the Depression Anxiety Stress Scales (2nd ed.). Psychology Foundation of Australia.",2,I tended to over-react to situations,False,needs_verification,,,
Stress (DASS-21),dass_21_stress,Depression/anxiety/stress symptoms,"Lovibond, S. H., & Lovibond, P. F. (1995). Manual for the Depression Anxiety Stress Scales (2nd ed.). Psychology Foundation of Australia.",3,I felt that I was using a lot of nervous energy,False,needs_verification,,,
Stress (DASS-21),dass_21_stress,Depression/anxiety/stress symptoms,"Lovibond, S. H., & Lovibond, P. F. (1995). Manual for the Depression Anxiety Stress Scales (2nd ed.). Psychology Foundation of Australia.",4,I found myself getting agitated,False,needs_verification,,,
Stress (DASS-21),dass_21_stress,Depression/anxiety/stress symptoms,"Lovibond, S. H., & Lovibond, P. F. (1995). Manual for the Depression Anxiety Stress Scales (2nd ed.). Psychology Foundation of Australia.",5,I found it difficult to relax,False,needs_verification,,,
Stress (DASS-21),dass_21_stress,Depression/anxiety/stress symptoms,"Lovibond, S. H., & Lovibond, P. F. (1995). Manual for the Depression Anxiety Stress Scales (2nd ed.). Psychology Foundation of Australia.",6,I was intolerant of anything that kept me from getting on with what I was doing,False,needs_verification,,,
Stress (DASS-21),dass_21_stress,Depression/anxiety/stress symptoms,"Lovibond, S. H., & Lovibond, P. F. (1995). Manual for the Depression Anxiety Stress Scales (2nd ed.). Psychology Foundation of Australia.",7,I felt that I was rather touchy,False,needs_verification,,,
Machiavellianism (Dirty Dozen),dirty_dozen_machiavellianism,Dark Triad,"Jonason, P. K., & Webster, G. D. (2010). The Dirty Dozen: A concise measure of the Dark Triad. Psychological Assessment, 22(2), 420–432. https://doi.org/10.1037/a0019265",1,I tend to manipulate others to get my way.,False,needs_verification,,,
Machiavellianism (Dirty Dozen),dirty_dozen_machiavellianism,Dark Triad,"Jonason, P. K., & Webster, G. D. (2010). The Dirty Dozen: A concise measure of the Dark Triad. Psychological Assessment, 22(2), 420–432. https://doi.org/10.1037/a0019265",2,I have used deceit or lied to get my way.,False,needs_verification,,,
Machiavellianism (Dirty Dozen),dirty_dozen_machiavellianism,Dark Triad,"Jonason, P. K., & Webster, G. D. (2010). The Dirty Dozen: A concise measure of the Dark Triad. Psychological Assessment, 22(2), 420–432. https://doi.org/10.1037/a0019265",3,I have used flattery to get my way.,False,needs_verification,,,
Machiavellianism (Dirty Dozen),dirty_dozen_machiavellianism,Dark Triad,"Jonason, P. K., & Webster, G. D. (2010). The Dirty Dozen: A concise measure of the Dark Triad. Psychological Assessment, 22(2), 420–432. https://doi.org/10.1037/a0019265",4,I tend to exploit others towards my own end.,False,needs_verification,,,
Narcissism (Dirty Dozen),dirty_dozen_narcissism,Dark Triad,"Jonason, P. K., & Webster, G. D. (2010). The Dirty Dozen: A concise measure of the Dark Triad. Psychological Assessment, 22(2), 420–432. https://doi.org/10.1037/a0019265",1,I tend to want others to admire me.,False,needs_verification,,,
Narcissism (Dirty Dozen),dirty_dozen_narcissism,Dark Triad,"Jonason, P. K., & Webster, G. D. (2010). The Dirty Dozen: A concise measure of the Dark Triad. Psychological Assessment, 22(2), 420–432. https://doi.org/10.1037/a0019265",2,I tend to want others to pay attention to me.,False,needs_verification,,,
Narcissism (Dirty Dozen),dirty_dozen_narcissism,Dark Triad,"Jonason, P. K., & Webster, G. D. (2010). The Dirty Dozen: A concise measure of the Dark Triad. Psychological Assessment, 22(2), 420–432. https://doi.org/10.1037/a0019265",3,I tend to seek prestige or status.,False,needs_verification,,,
Narcissism (Dirty Dozen),dirty_dozen_narcissism,Dark Triad,"Jonason, P. K., & Webster, G. D. (2010). The Dirty Dozen: A concise measure of the Dark Triad. Psychological Assessment, 22(2), 420–432. https://doi.org/10.1037/a0019265",4,I tend to expect special favors from others.,False,needs_verification,,,
Psychopathy (Dirty Dozen),dirty_dozen_psychopathy,Dark Triad,"Jonason, P. K., & Webster, G. D. (2010). The Dirty Dozen: A concise measure of the Dark Triad. Psychological Assessment, 22(2), 420–432. https://doi.org/10.1037/a0019265",1,I tend to lack remorse.,False,needs_verification,,,
Psychopathy (Dirty Dozen),dirty_dozen_psychopathy,Dark Triad,"Jonason, P. K., & Webster, G. D. (2010). The Dirty Dozen: A concise measure of the Dark Triad. Psychological Assessment, 22(2), 420–432. https://doi.org/10.1037/a0019265",2,I tend to be unconcerned with the morality of my actions.,False,needs_verification,,,
Psychopathy (Dirty Dozen),dirty_dozen_psychopathy,Dark Triad,"Jonason, P. K., & Webster, G. D. (2010). The Dirty Dozen: A concise measure of the Dark Triad. Psychological Assessment, 22(2), 420–432. https://doi.org/10.1037/a0019265",3,I tend to be callous or insensitive.,False,needs_verification,,,
Psychopathy (Dirty Dozen),dirty_dozen_psychopathy,Dark Triad,"Jonason, P. K., & Webster, G. D. (2010). The Dirty Dozen: A concise measure of the Dark Triad. Psychological Assessment, 22(2), 420–432. https://doi.org/10.1037/a0019265",4,I tend to be cynical.,False,needs_verification,,,
Anxiety (ECR-RS),ecr_rs_anxiety,Adult attachment,"Fraley, R. C., Heffernan, M. E., Vicary, A. M., & Brumbaugh, C. C. (2011). The Experiences in Close Relationships—Relationship Structures questionnaire: A method for assessing attachment orientations across relationships. Psychological Assessment, 23(3), 615–625. https://doi.org/10.1037/a0022898",1,I often worry that this person doesn't really care for me.,False,needs_verification,,,
Anxiety (ECR-RS),ecr_rs_anxiety,Adult attachment,"Fraley, R. C., Heffernan, M. E., Vicary, A. M., & Brumbaugh, C. C. (2011). The Experiences in Close Relationships—Relationship Structures questionnaire: A method for assessing attachment orientations across relationships. Psychological Assessment, 23(3), 615–625. https://doi.org/10.1037/a0022898",2,I'm afraid that this person may abandon me.,False,needs_verification,,,
Anxiety (ECR-RS),ecr_rs_anxiety,Adult attachment,"Fraley, R. C., Heffernan, M. E., Vicary, A. M., & Brumbaugh, C. C. (2011). The Experiences in Close Relationships—Relationship Structures questionnaire: A method for assessing attachment orientations across relationships. Psychological Assessment, 23(3), 615–625. https://doi.org/10.1037/a0022898",3,I worry that this person won't care about me as much as I care about him or her.,False,needs_verification,,,
Avoidance (ECR-RS),ecr_rs_avoidance,Adult attachment,"Fraley, R. C., Heffernan, M. E., Vicary, A. M., & Brumbaugh, C. C. (2011). The Experiences in Close Relationships—Relationship Structures questionnaire: A method for assessing attachment orientations across relationships. Psychological Assessment, 23(3), 615–625. https://doi.org/10.1037/a0022898",1,It helps to turn to this person in times of need.,True,needs_verification,,,
Avoidance (ECR-RS),ecr_rs_avoidance,Adult attachment,"Fraley, R. C., Heffernan, M. E., Vicary, A. M., & Brumbaugh, C. C. (2011). The Experiences in Close Relationships—Relationship Structures questionnaire: A method for assessing attachment orientations across relationships. Psychological Assessment, 23(3), 615–625. https://doi.org/10.1037/a0022898",2,I usually discuss my problems and concerns with this person.,True,needs_verification,,,
Avoidance (ECR-RS),ecr_rs_avoidance,Adult attachment,"Fraley, R. C., Heffernan, M. E., Vicary, A. M., & Brumbaugh, C. C. (2011). The Experiences in Close Relationships—Relationship Structures questionnaire: A method for assessing attachment orientations across relationships. Psychological Assessment, 23(3), 615–625. https://doi.org/10.1037/a0022898",3,I talk things over with this person.,True,needs_verification,,,
Avoidance (ECR-RS),ecr_rs_avoidance,Adult attachment,"Fraley, R. C., Heffernan, M. E., Vicary, A. M., & Brumbaugh, C. C. (2011). The Experiences in Close Relationships—Relationship Structures questionnaire: A method for assessing attachment orientations across relationships. Psychological Assessment, 23(3), 615–625. https://doi.org/10.1037/a0022898",4,I find it easy to depend on this person.,True,needs_verification,,,
Avoidance (ECR-RS),ecr_rs_avoidance,Adult attachment,"Fraley, R. C., Heffernan, M. E., Vicary, A. M., & Brumbaugh, C. C. (2011). The Experiences in Close Relationships—Relationship Structures questionnaire: A method for assessing attachment orientations across relationships. Psychological Assessment, 23(3), 615–625. https://doi.org/10.1037/a0022898",5,I don't feel comfortable opening up to this person.,False,needs_verification,,,
Avoidance (ECR-RS),ecr_rs_avoidance,Adult attachment,"Fraley, R. C., Heffernan, M. E., Vicary, A. M., & Brumbaugh, C. C. (2011). The Experiences in Close Relationships—Relationship Structures questionnaire: A method for assessing attachment orientations across relationships. Psychological Assessment, 23(3), 615–625. https://doi.org/10.1037/a0022898",6,I prefer not to show this person how I feel deep down.,False,needs_verification,,,
Cognitive reappraisal (ERQ),erq_cognitive_reappraisal,Emotion regulation,"Gross, J. J., & John, O. P. (2003). Individual differences in two emotion regulation processes: Implications for affect, relationships, and well-being. Journal of Personality and Social Psychology, 85(2), 348–362. https://doi.org/10.1037/0022-3514.85.2.348",1,"When I want to feel more positive emotion (such as joy or amusement), I change what I'm thinking about.",False,needs_verification,,,
Cognitive reappraisal (ERQ),erq_cognitive_reappraisal,Emotion regulation,"Gross, J. J., & John, O. P. (2003). Individual differences in two emotion regulation processes: Implications for affect, relationships, and well-being. Journal of Personality and Social Psychology, 85(2), 348–362. https://doi.org/10.1037/0022-3514.85.2.348",2,"When I want to feel less negative emotion (such as sadness or anger), I change what I'm thinking about.",False,needs_verification,,,
Cognitive reappraisal (ERQ),erq_cognitive_reappraisal,Emotion regulation,"Gross, J. J., & John, O. P. (2003). Individual differences in two emotion regulation processes: Implications for affect, relationships, and well-being. Journal of Personality and Social Psychology, 85(2), 348–362. https://doi.org/10.1037/0022-3514.85.2.348",3,"When I'm faced with a stressful situation, I make myself think about it in a way that helps me stay calm.",False,needs_verification,,,
Cognitive reappraisal (ERQ),erq_cognitive_reappraisal,Emotion regulation,"Gross, J. J., & John, O. P. (2003). Individual differences in two emotion regulation processes: Implications for affect, relationships, and well-being. Journal of Personality and Social Psychology, 85(2), 348–362. https://doi.org/10.1037/0022-3514.85.2.348",4,"When I want to feel more positive emotion, I change the way I'm thinking about the situation.",False,needs_verification,,,
Cognitive reappraisal (ERQ),erq_cognitive_reappraisal,Emotion regulation,"Gross, J. J., & John, O. P. (2003). Individual differences in two emotion regulation processes: Implications for affect, relationships, and well-being. Journal of Personality and Social Psychology, 85(2), 348–362. https://doi.org/10.1037/0022-3514.85.2.348",5,I control my emotions by changing the way I think about the situation I'm in.,False,needs_verification,,,
Cognitive reappraisal (ERQ),erq_cognitive_reappraisal,Emotion regulation,"Gross, J. J., & John, O. P. (2003). Individual differences in two emotion regulation processes: Implications for affect, relationships, and well-being. Journal of Personality and Social Psychology, 85(2), 348–362. https://doi.org/10.1037/0022-3514.85.2.348",6,"When I want to feel less negative emotion, I change the way I'm thinking about the situation.",False,needs_verification,,,
Expressive suppression (ERQ),erq_expressive_suppression,Emotion regulation,"Gross, J. J., & John, O. P. (2003). Individual differences in two emotion regulation processes: Implications for affect, relationships, and well-being. Journal of Personality and Social Psychology, 85(2), 348–362. https://doi.org/10.1037/0022-3514.85.2.348",1,I keep my emotions to myself.,False,needs_verification,,,
Expressive suppression (ERQ),erq_expressive_suppression,Emotion regulation,"Gross, J. J., & John, O. P. (2003). Individual differences in two emotion regulation processes: Implications for affect, relationships, and well-being. Journal of Personality and Social Psychology, 85(2), 348–362. https://doi.org/10.1037/0022-3514.85.2.348",2,"When I am feeling positive emotions, I am careful not to express them.",False,needs_verification,,,
Expressive suppression (ERQ),erq_expressive_suppression,Emotion regulation,"Gross, J. J., & John, O. P. (2003). Individual differences in two emotion regulation processes: Implications for affect, relationships, and well-being. Journal of Personality and Social Psychology, 85(2), 348–362. https://doi.org/10.1037/0022-3514.85.2.348",3,I control my emotions by not expressing them.,False,needs_verification,,,
Expressive suppression (ERQ),erq_expressive_suppression,Emotion regulation,"Gross, J. J., & John, O. P. (2003). Individual differences in two emotion regulation processes: Implications for affect, relationships, and well-being. Journal of Personality and Social Psychology, 85(2), 348–362. https://doi.org/10.1037/0022-3514.85.2.348",4,"When I am feeling negative emotions, I make sure not to express them.",False,needs_verification,,,
Flourishing Scale,flourishing_scale,Flourishing,"Diener, E., Wirtz, D., Tov, W., Kim-Prieto, C., Choi, D., Oishi, S., & Biswas-Diener, R. (2010). New well-being measures: Short scales to assess flourishing and positive and negative feelings. Social Indicators Research, 97, 143–156. https://doi.org/10.1007/s11205-009-9493-y",1,I lead a purposeful and meaningful life.,False,needs_verification,,,
Flourishing Scale,flourishing_scale,Flourishing,"Diener, E., Wirtz, D., Tov, W., Kim-Prieto, C., Choi, D., Oishi, S., & Biswas-Diener, R. (2010). New well-being measures: Short scales to assess flourishing and positive and negative feelings. Social Indicators Research, 97, 143–156. https://doi.org/10.1007/s11205-009-9493-y",2,My social relationships are supportive and rewarding.,False,needs_verification,,,
Flourishing Scale,flourishing_scale,Flourishing,"Diener, E., Wirtz, D., Tov, W., Kim-Prieto, C., Choi, D., Oishi, S., & Biswas-Diener, R. (2010). New well-being measures: Short scales to assess flourishing and positive and negative feelings. Social Indicators Research, 97, 143–156. https://doi.org/10.1007/s11205-009-9493-y",3,I am engaged and interested in my daily activities.,False,needs_verification,,,
Flourishing Scale,flourishing_scale,Flourishing,"Diener, E., Wirtz, D., Tov, W., Kim-Prieto, C., Choi, D., Oishi, S., & Biswas-Diener, R. (2010). New well-being measures: Short scales to assess flourishing and positive and negative feelings. Social Indicators Research, 97, 143–156. https://doi.org/10.1007/s11205-009-9493-y",4,I actively contribute to the happiness and well-being of others.,False,needs_verification,,,
Flourishing Scale,flourishing_scale,Flourishing,"Diener, E., Wirtz, D., Tov, W., Kim-Prieto, C., Choi, D., Oishi, S., & Biswas-Diener, R. (2010). New well-being measures: Short scales to assess flourishing and positive and negative feelings. Social Indicators Research, 97, 143–156. https://doi.org/10.1007/s11205-009-9493-y",5,I am competent and capable in the activities that are important to me.,False,needs_verification,,,
Flourishing Scale,flourishing_scale,Flourishing,"Diener, E., Wirtz, D., Tov, W., Kim-Prieto, C., Choi, D., Oishi, S., & Biswas-Diener, R. (2010). New well-being measures: Short scales to assess flourishing and positive and negative feelings. Social Indicators Research, 97, 143–156. https://doi.org/10.1007/s11205-009-9493-y",6,I am a good person and live a good life.,False,needs_verification,,,
Flourishing Scale,flourishing_scale,Flourishing,"Diener, E., Wirtz, D., Tov, W., Kim-Prieto, C., Choi, D., Oishi, S., & Biswas-Diener, R. (2010). New well-being measures: Short scales to assess flourishing and positive and negative feelings. Social Indicators Research, 97, 143–156. https://doi.org/10.1007/s11205-009-9493-y",7,I am optimistic about my future.,False,needs_verification,,,
Flourishing Scale,flourishing_scale,Flourishing,"Diener, E., Wirtz, D., Tov, W., Kim-Prieto, C., Choi, D., Oishi, S., & Biswas-Diener, R. (2010). New well-being measures: Short scales to assess flourishing and positive and negative feelings. Social Indicators Research, 97, 143–156. https://doi.org/10.1007/s11205-009-9493-y",8,People respect me.,False,needs_verification,,,
Generalized Anxiety Disorder-7 (GAD-7),gad_7,Anxiety symptoms,"Spitzer, R. L., Kroenke, K., Williams, J. B. W., & Löwe, B. (2006). A brief measure for assessing generalized anxiety disorder: The GAD-7. Archives of Internal Medicine, 166(10), 1092–1097. https://doi.org/10.1001/archinte.166.10.1092",1,"Feeling nervous, anxious, or on edge",False,needs_verification,,,
Generalized Anxiety Disorder-7 (GAD-7),gad_7,Anxiety symptoms,"Spitzer, R. L., Kroenke, K., Williams, J. B. W., & Löwe, B. (2006). A brief measure for assessing generalized anxiety disorder: The GAD-7. Archives of Internal Medicine, 166(10), 1092–1097. https://doi.org/10.1001/archinte.166.10.1092",2,Not being able to stop or control worrying,False,needs_verification,,,
Generalized Anxiety Disorder-7 (GAD-7),gad_7,Anxiety symptoms,"Spitzer, R. L., Kroenke, K., Williams, J. B. W., & Löwe, B. (2006). A brief measure for assessing generalized anxiety disorder: The GAD-7. Archives of Internal Medicine, 166(10), 1092–1097. https://doi.org/10.1001/archinte.166.10.1092",3,Worrying too much about different things,False,needs_verification,,,
Generalized Anxiety Disorder-7 (GAD-7),gad_7,Anxiety symptoms,"Spitzer, R. L., Kroenke, K., Williams, J. B. W., & Löwe, B. (2006). A brief measure for assessing generalized anxiety disorder: The GAD-7. Archives of Internal Medicine, 166(10), 1092–1097. https://doi.org/10.1001/archinte.166.10.1092",4,Trouble relaxing,False,needs_verification,,,
Generalized Anxiety Disorder-7 (GAD-7),gad_7,Anxiety symptoms,"Spitzer, R. L., Kroenke, K., Williams, J. B. W., & Löwe, B. (2006). A brief measure for assessing generalized anxiety disorder: The GAD-7. Archives of Internal Medicine, 166(10), 1092–1097. https://doi.org/10.1001/archinte.166.10.1092",5,Being so restless that it is hard to sit still,False,needs_verification,,,
Generalized Anxiety Disorder-7 (GAD-7),gad_7,Anxiety symptoms,"Spitzer, R. L., Kroenke, K., Williams, J. B. W., & Löwe, B. (2006). A brief measure for assessing generalized anxiety disorder: The GAD-7. Archives of Internal Medicine, 166(10), 1092–1097. https://doi.org/10.1001/archinte.166.10.1092",6,Becoming easily annoyed or irritable,False,needs_verification,,,
Generalized Anxiety Disorder-7 (GAD-7),gad_7,Anxiety symptoms,"Spitzer, R. L., Kroenke, K., Williams, J. B. W., & Löwe, B. (2006). A brief measure for assessing generalized anxiety disorder: The GAD-7. Archives of Internal Medicine, 166(10), 1092–1097. https://doi.org/10.1001/archinte.166.10.1092",7,Feeling afraid as if something awful might happen,False,needs_verification,,,
Gratitude Questionnaire–Six Item Form (GQ-6),gq_6,Gratitude,"McCullough, M. E., Emmons, R. A., & Tsang, J.-A. (2002). The grateful disposition: A conceptual and empirical topography. Journal of Personality and Social Psychology, 82(1), 112–127. https://doi.org/10.1037/0022-3514.82.1.112",1,I have so much in life to be thankful for.,False,needs_verification,,,
Gratitude Questionnaire–Six Item Form (GQ-6),gq_6,Gratitude,"McCullough, M. E., Emmons, R. A., & Tsang, J.-A. (2002). The grateful disposition: A conceptual and empirical topography. Journal of Personality and Social Psychology, 82(1), 112–127. https://doi.org/10.1037/0022-3514.82.1.112",2,"If I had to list everything that I felt grateful for, it would be a very long list.",False,needs_verification,,,
Gratitude Questionnaire–Six Item Form (GQ-6),gq_6,Gratitude,"McCullough, M. E., Emmons, R. A., & Tsang, J.-A. (2002). The grateful disposition: A conceptual and empirical topography. Journal of Personality and Social Psychology, 82(1), 112–127. https://doi.org/10.1037/0022-3514.82.1.112",3,"When I look at the world, I don't see much to be grateful for.",False,needs_verification,,,
Gratitude Questionnaire–Six Item Form (GQ-6),gq_6,Gratitude,"McCullough, M. E., Emmons, R. A., & Tsang, J.-A. (2002). The grateful disposition: A conceptual and empirical topography. Journal of Personality and Social Psychology, 82(1), 112–127. https://doi.org/10.1037/0022-3514.82.1.112",4,I am grateful to a wide variety of people.,False,needs_verification,,,
Gratitude Questionnaire–Six Item Form (GQ-6),gq_6,Gratitude,"McCullough, M. E., Emmons, R. A., & Tsang, J.-A. (2002). The grateful disposition: A conceptual and empirical topography. Journal of Personality and Social Psychology, 82(1), 112–127. https://doi.org/10.1037/0022-3514.82.1.112",5,"As I get older I find myself more able to appreciate the people, events, and situations that have been part of my life history.",False,needs_verification,,,
Gratitude Questionnaire–Six Item Form (GQ-6),gq_6,Gratitude,"McCullough, M. E., Emmons, R. A., & Tsang, J.-A. (2002). The grateful disposition: A conceptual and empirical topography. Journal of Personality and Social Psychology, 82(1), 112–127. https://doi.org/10.1037/0022-3514.82.1.112",6,Long amounts of time can go by before I feel grateful to something or someone.,False,needs_verification,,,
Consistency of interests (Grit-S),grit_s_consistency_of_interests,Grit,"Duckworth, A. L., & Quinn, P. D. (2009). Development and validation of the Short Grit Scale (Grit-S). Journal of Personality Assessment, 91(2), 166–174. https://doi.org/10.1080/00223890802634290",1,New ideas and projects sometimes distract me from previous ones.,True,needs_verification,,,
Consistency of interests (Grit-S),grit_s_consistency_of_interests,Grit,"Duckworth, A. L., & Quinn, P. D. (2009). Development and validation of the Short Grit Scale (Grit-S). Journal of Personality Assessment, 91(2), 166–174. https://doi.org/10.1080/00223890802634290",2,I have been obsessed with a certain idea or project for a short time but later lost interest.,True,needs_verification,,,
Consistency of interests (Grit-S),grit_s_consistency_of_interests,Grit,"Duckworth, A. L., & Quinn, P. D. (2009). Development and validation of the Short Grit Scale (Grit-S). Journal of Personality Assessment, 91(2), 166–174. https://doi.org/10.1080/00223890802634290",3,I often set a goal but later choose to pursue a different one.,True,needs_verification,,,
Consistency of interests (Grit-S),grit_s_consistency_of_interests,Grit,"Duckworth, A. L., & Quinn, P. D. (2009). Development and validation of the Short Grit Scale (Grit-S). Journal of Personality Assessment, 91(2), 166–174. https://doi.org/10.1080/00223890802634290",4,I have difficulty maintaining my focus on projects that take more than a few months to complete.,True,needs_verification,,,
Perseverance of effort (Grit-S),grit_s_perseverance_of_effort,Grit,"Duckworth, A. L., & Quinn, P. D. (2009). Development and validation of the Short Grit Scale (Grit-S). Journal of Personality Assessment, 91(2), 166–174. https://doi.org/10.1080/00223890802634290",1,Setbacks don’t discourage me.,False,needs_verification,,,
Perseverance of effort (Grit-S),grit_s_perseverance_of_effort,Grit,"Duckworth, A. L., & Quinn, P. D. (2009). Development and validation of the Short Grit Scale (Grit-S). Journal of Personality Assessment, 91(2), 166–174. https://doi.org/10.1080/00223890802634290",2,I am a hard worker.,False,needs_verification,,,
Perseverance of effort (Grit-S),grit_s_perseverance_of_effort,Grit,"Duckworth, A. L., & Quinn, P. D. (2009). Development and validation of the Short Grit Scale (Grit-S). Journal of Personality Assessment, 91(2), 166–174. https://doi.org/10.1080/00223890802634290",3,I finish whatever I begin.,False,needs_verification,,,
Perseverance of effort (Grit-S),grit_s_perseverance_of_effort,Grit,"Duckworth, A. L., & Quinn, P. D. (2009). Development and validation of the Short Grit Scale (Grit-S). Journal of Personality Assessment, 91(2), 166–174. https://doi.org/10.1080/00223890802634290",4,I am diligent.,False,needs_verification,,,
General Self-Efficacy Scale (GSE),gse,General self-efficacy,"Schwarzer, R., & Jerusalem, M. (1995). Generalized Self-Efficacy Scale. In J. Weinman, S. Wright, & M. Johnston (Eds.), Measures in health psychology: A user’s portfolio. Causal and control beliefs (pp. 35–37). NFER-NELSON.",1,I can always manage to solve difficult problems if I try hard enough.,False,needs_verification,,,
General Self-Efficacy Scale (GSE),gse,General self-efficacy,"Schwarzer, R., & Jerusalem, M. (1995). Generalized Self-Efficacy Scale. In J. Weinman, S. Wright, & M. Johnston (Eds.), Measures in health psychology: A user’s portfolio. Causal and control beliefs (pp. 35–37). NFER-NELSON.",2,"If someone opposes me, I can find the means and ways to get what I want.",False,needs_verification,,,
General Self-Efficacy Scale (GSE),gse,General self-efficacy,"Schwarzer, R., & Jerusalem, M. (1995). Generalized Self-Efficacy Scale. In J. Weinman, S. Wright, & M. Johnston (Eds.), Measures in health psychology: A user’s portfolio. Causal and control beliefs (pp. 35–37). NFER-NELSON.",3,It is easy for me to stick to my aims and accomplish my goals.,False,needs_verification,,,
General Self-Efficacy Scale (GSE),gse,General self-efficacy,"Schwarzer, R., & Jerusalem, M. (1995). Generalized Self-Efficacy Scale. In J. Weinman, S. Wright, & M. Johnston (Eds.), Measures in health psychology: A user’s portfolio. Causal and control beliefs (pp. 35–37). NFER-NELSON.",4,I am confident that I could deal efficiently with unexpected events.,False,needs_verification,,,
General Self-Efficacy Scale (GSE),gse,General self-efficacy,"Schwarzer, R., & Jerusalem, M. (1995). Generalized Self-Efficacy Scale. In J. Weinman, S. Wright, & M. Johnston (Eds.), Measures in health psychology: A user’s portfolio. Causal and control beliefs (pp. 35–37). NFER-NELSON.",5,"Thanks to my resourcefulness, I know how to handle unforeseen situations.",False,needs_verification,,,
General Self-Efficacy Scale (GSE),gse,General self-efficacy,"Schwarzer, R., & Jerusalem, M. (1995). Generalized Self-Efficacy Scale. In J. Weinman, S. Wright, & M. Johnston (Eds.), Measures in health psychology: A user’s portfolio. Causal and control beliefs (pp. 35–37). NFER-NELSON.",6,I can solve most problems if I invest the necessary effort.,False,needs_verification,,,
General Self-Efficacy Scale (GSE),gse,General self-efficacy,"Schwarzer, R., & Jerusalem, M. (1995). Generalized Self-Efficacy Scale. In J. Weinman, S. Wright, & M. Johnston (Eds.), Measures in health psychology: A user’s portfolio. Causal and control beliefs (pp. 35–37). NFER-NELSON.",7,I can remain calm when facing difficulties because I can rely on my coping abilities.,False,needs_verification,,,
General Self-Efficacy Scale (GSE),gse,General self-efficacy,"Schwarzer, R., & Jerusalem, M. (1995). Generalized Self-Efficacy Scale. In J. Weinman, S. Wright, & M. Johnston (Eds.), Measures in health psychology: A user’s portfolio. Causal and control beliefs (pp. 35–37). NFER-NELSON.",8,"When I am confronted with a problem, I can usually find several solutions.",False,needs_verification,,,
General Self-Efficacy Scale (GSE),gse,General self-efficacy,"Schwarzer, R., & Jerusalem, M. (1995). Generalized Self-Efficacy Scale. In J. Weinman, S. Wright, & M. Johnston (Eds.), Measures in health psychology: A user’s portfolio. Causal and control beliefs (pp. 35–37). NFER-NELSON.",9,"If I am in trouble, I can usually think of a solution.",False,needs_verification,,,
General Self-Efficacy Scale (GSE),gse,General self-efficacy,"Schwarzer, R., & Jerusalem, M. (1995). Generalized Self-Efficacy Scale. In J. Weinman, S. Wright, & M. Johnston (Eds.), Measures in health psychology: A user’s portfolio. Causal and control beliefs (pp. 35–37). NFER-NELSON.",10,I can usually handle whatever comes my way.,False,needs_verification,,,
Individualism (Horizontal),individualism_horizontal,cultural-orientation,"Triandis, H. C., & Gelfand, M. J. (1998). Converging measurement of horizontal and vertical individualism and collectivism. JPSP, 74(1).",1,I'd rather depend on myself than others.,False,needs_verification,,,
Individualism (Horizontal),individualism_horizontal,cultural-orientation,"Triandis, H. C., & Gelfand, M. J. (1998). Converging measurement of horizontal and vertical individualism and collectivism. JPSP, 74(1).",2,I rely on myself most of the time; I rarely rely on others.,False,needs_verification,,,
Individualism (Horizontal),individualism_horizontal,cultural-orientation,"Triandis, H. C., & Gelfand, M. J. (1998). Converging measurement of horizontal and vertical individualism and collectivism. JPSP, 74(1).",3,I often do my own thing.,False,needs_verification,,,
Individualism (Horizontal),individualism_horizontal,cultural-orientation,"Triandis, H. C., & Gelfand, M. J. (1998). Converging measurement of horizontal and vertical individualism and collectivism. JPSP, 74(1).",4,"My personal identity, independent of others, is very important to me.",False,needs_verification,,,
Agreeableness (IPIP 50-item Big-Five Factor Markers),ipip_50_item_big_five_factor_markers_agreeableness,Big Five personality traits,"Goldberg, L. R. (1992). The development of markers for the Big-Five factor structure. Psychological Assessment, 4(1), 26–42. https://doi.org/10.1037/1040-3590.4.1.26; Goldberg, L. R. (1999). A broad-bandwidth, public-domain, personality inventory measuring the lower-level facets of several five-factor models. In I. Mervielde, I. J. Deary, F. De Fruyt, & F. Ostendorf (Eds.), Personality psychology in Europe (Vol. 7, pp. 7–28). Tilburg University Press.",1,I feel little concern for others.,False,needs_verification,,,
Agreeableness (IPIP 50-item Big-Five Factor Markers),ipip_50_item_big_five_factor_markers_agreeableness,Big Five personality traits,"Goldberg, L. R. (1992). The development of markers for the Big-Five factor structure. Psychological Assessment, 4(1), 26–42. https://doi.org/10.1037/1040-3590.4.1.26; Goldberg, L. R. (1999). A broad-bandwidth, public-domain, personality inventory measuring the lower-level facets of several five-factor models. In I. Mervielde, I. J. Deary, F. De Fruyt, & F. Ostendorf (Eds.), Personality psychology in Europe (Vol. 7, pp. 7–28). Tilburg University Press.",2,I am interested in people.,False,needs_verification,,,
Agreeableness (IPIP 50-item Big-Five Factor Markers),ipip_50_item_big_five_factor_markers_agreeableness,Big Five personality traits,"Goldberg, L. R. (1992). The development of markers for the Big-Five factor structure. Psychological Assessment, 4(1), 26–42. https://doi.org/10.1037/1040-3590.4.1.26; Goldberg, L. R. (1999). A broad-bandwidth, public-domain, personality inventory measuring the lower-level facets of several five-factor models. In I. Mervielde, I. J. Deary, F. De Fruyt, & F. Ostendorf (Eds.), Personality psychology in Europe (Vol. 7, pp. 7–28). Tilburg University Press.",3,I insult people.,False,needs_verification,,,
Agreeableness (IPIP 50-item Big-Five Factor Markers),ipip_50_item_big_five_factor_markers_agreeableness,Big Five personality traits,"Goldberg, L. R. (1992). The development of markers for the Big-Five factor structure. Psychological Assessment, 4(1), 26–42. https://doi.org/10.1037/1040-3590.4.1.26; Goldberg, L. R. (1999). A broad-bandwidth, public-domain, personality inventory measuring the lower-level facets of several five-factor models. In I. Mervielde, I. J. Deary, F. De Fruyt, & F. Ostendorf (Eds.), Personality psychology in Europe (Vol. 7, pp. 7–28). Tilburg University Press.",4,I sympathize with others' feelings.,False,needs_verification,,,
Agreeableness (IPIP 50-item Big-Five Factor Markers),ipip_50_item_big_five_factor_markers_agreeableness,Big Five personality traits,"Goldberg, L. R. (1992). The development of markers for the Big-Five factor structure. Psychological Assessment, 4(1), 26–42. https://doi.org/10.1037/1040-3590.4.1.26; Goldberg, L. R. (1999). A broad-bandwidth, public-domain, personality inventory measuring the lower-level facets of several five-factor models. In I. Mervielde, I. J. Deary, F. De Fruyt, & F. Ostendorf (Eds.), Personality psychology in Europe (Vol. 7, pp. 7–28). Tilburg University Press.",5,I am not interested in other people's problems.,False,needs_verification,,,
Agreeableness (IPIP 50-item Big-Five Factor Markers),ipip_50_item_big_five_factor_markers_agreeableness,Big Five personality traits,"Goldberg, L. R. (1992). The development of markers for the Big-Five factor structure. Psychological Assessment, 4(1), 26–42. https://doi.org/10.1037/1040-3590.4.1.26; Goldberg, L. R. (1999). A broad-bandwidth, public-domain, personality inventory measuring the lower-level facets of several five-factor models. In I. Mervielde, I. J. Deary, F. De Fruyt, & F. Ostendorf (Eds.), Personality psychology in Europe (Vol. 7, pp. 7–28). Tilburg University Press.",6,I have a soft heart.,False,needs_verification,,,
Agreeableness (IPIP 50-item Big-Five Factor Markers),ipip_50_item_big_five_factor_markers_agreeableness,Big Five personality traits,"Goldberg, L. R. (1992). The development of markers for the Big-Five factor structure. Psychological Assessment, 4(1), 26–42. https://doi.org/10.1037/1040-3590.4.1.26; Goldberg, L. R. (1999). A broad-bandwidth, public-domain, personality inventory measuring the lower-level facets of several five-factor models. In I. Mervielde, I. J. Deary, F. De Fruyt, & F. Ostendorf (Eds.), Personality psychology in Europe (Vol. 7, pp. 7–28). Tilburg University Press.",7,I am not really interested in others.,False,needs_verification,,,
Agreeableness (IPIP 50-item Big-Five Factor Markers),ipip_50_item_big_five_factor_markers_agreeableness,Big Five personality traits,"Goldberg, L. R. (1992). The development of markers for the Big-Five factor structure. Psychological Assessment, 4(1), 26–42. https://doi.org/10.1037/1040-3590.4.1.26; Goldberg, L. R. (1999). A broad-bandwidth, public-domain, personality inventory measuring the lower-level facets of several five-factor models. In I. Mervielde, I. J. Deary, F. De Fruyt, & F. Ostendorf (Eds.), Personality psychology in Europe (Vol. 7, pp. 7–28). Tilburg University Press.",8,I take time out for others.,False,needs_verification,,,
Agreeableness (IPIP 50-item Big-Five Factor Markers),ipip_50_item_big_five_factor_markers_agreeableness,Big Five personality traits,"Goldberg, L. R. (1992). The development of markers for the Big-Five factor structure. Psychological Assessment, 4(1), 26–42. https://doi.org/10.1037/1040-3590.4.1.26; Goldberg, L. R. (1999). A broad-bandwidth, public-domain, personality inventory measuring the lower-level facets of several five-factor models. In I. Mervielde, I. J. Deary, F. De Fruyt, & F. Ostendorf (Eds.), Personality psychology in Europe (Vol. 7, pp. 7–28). Tilburg University Press.",9,I feel others' emotions.,False,needs_verification,,,
Agreeableness (IPIP 50-item Big-Five Factor Markers),ipip_50_item_big_five_factor_markers_agreeableness,Big Five personality traits,"Goldberg, L. R. (1992). The development of markers for the Big-Five factor structure. Psychological Assessment, 4(1), 26–42. https://doi.org/10.1037/1040-3590.4.1.26; Goldberg, L. R. (1999). A broad-bandwidth, public-domain, personality inventory measuring the lower-level facets of several five-factor models. In I. Mervielde, I. J. Deary, F. De Fruyt, & F. Ostendorf (Eds.), Personality psychology in Europe (Vol. 7, pp. 7–28). Tilburg University Press.",10,I make people feel at ease.,False,needs_verification,,,
Conscientiousness (IPIP 50-item Big-Five Factor Markers),ipip_50_item_big_five_factor_markers_conscientiousness,Big Five personality traits,"Goldberg, L. R. (1992). The development of markers for the Big-Five factor structure. Psychological Assessment, 4(1), 26–42. https://doi.org/10.1037/1040-3590.4.1.26; Goldberg, L. R. (1999). A broad-bandwidth, public-domain, personality inventory measuring the lower-level facets of several five-factor models. In I. Mervielde, I. J. Deary, F. De Fruyt, & F. Ostendorf (Eds.), Personality psychology in Europe (Vol. 7, pp. 7–28). Tilburg University Press.",1,I am always prepared.,False,needs_verification,,,
Conscientiousness (IPIP 50-item Big-Five Factor Markers),ipip_50_item_big_five_factor_markers_conscientiousness,Big Five personality traits,"Goldberg, L. R. (1992). The development of markers for the Big-Five factor structure. Psychological Assessment, 4(1), 26–42. https://doi.org/10.1037/1040-3590.4.1.26; Goldberg, L. R. (1999). A broad-bandwidth, public-domain, personality inventory measuring the lower-level facets of several five-factor models. In I. Mervielde, I. J. Deary, F. De Fruyt, & F. Ostendorf (Eds.), Personality psychology in Europe (Vol. 7, pp. 7–28). Tilburg University Press.",2,I leave my belongings around.,False,needs_verification,,,
Conscientiousness (IPIP 50-item Big-Five Factor Markers),ipip_50_item_big_five_factor_markers_conscientiousness,Big Five personality traits,"Goldberg, L. R. (1992). The development of markers for the Big-Five factor structure. Psychological Assessment, 4(1), 26–42. https://doi.org/10.1037/1040-3590.4.1.26; Goldberg, L. R. (1999). A broad-bandwidth, public-domain, personality inventory measuring the lower-level facets of several five-factor models. In I. Mervielde, I. J. Deary, F. De Fruyt, & F. Ostendorf (Eds.), Personality psychology in Europe (Vol. 7, pp. 7–28). Tilburg University Press.",3,I pay attention to details.,False,needs_verification,,,
Conscientiousness (IPIP 50-item Big-Five Factor Markers),ipip_50_item_big_five_factor_markers_conscientiousness,Big Five personality traits,"Goldberg, L. R. (1992). The development of markers for the Big-Five factor structure. Psychological Assessment, 4(1), 26–42. https://doi.org/10.1037/1040-3590.4.1.26; Goldberg, L. R. (1999). A broad-bandwidth, public-domain, personality inventory measuring the lower-level facets of several five-factor models. In I. Mervielde, I. J. Deary, F. De Fruyt, & F. Ostendorf (Eds.), Personality psychology in Europe (Vol. 7, pp. 7–28). Tilburg University Press.",4,I make a mess of things.,False,needs_verification,,,
Conscientiousness (IPIP 50-item Big-Five Factor Markers),ipip_50_item_big_five_factor_markers_conscientiousness,Big Five personality traits,"Goldberg, L. R. (1992). The development of markers for the Big-Five factor structure. Psychological Assessment, 4(1), 26–42. https://doi.org/10.1037/1040-3590.4.1.26; Goldberg, L. R. (1999). A broad-bandwidth, public-domain, personality inventory measuring the lower-level facets of several five-factor models. In I. Mervielde, I. J. Deary, F. De Fruyt, & F. Ostendorf (Eds.), Personality psychology in Europe (Vol. 7, pp. 7–28). Tilburg University Press.",5,I get chores done right away.,False,needs_verification,,,
Conscientiousness (IPIP 50-item Big-Five Factor Markers),ipip_50_item_big_five_factor_markers_conscientiousness,Big Five personality traits,"Goldberg, L. R. (1992). The development of markers for the Big-Five factor structure. Psychological Assessment, 4(1), 26–42. https://doi.org/10.1037/1040-3590.4.1.26; Goldberg, L. R. (1999). A broad-bandwidth, public-domain, personality inventory measuring the lower-level facets of several five-factor models. In I. Mervielde, I. J. Deary, F. De Fruyt, & F. Ostendorf (Eds.), Personality psychology in Europe (Vol. 7, pp. 7–28). Tilburg University Press.",6,I often forget to put things back in their proper place.,False,needs_verification,,,
Conscientiousness (IPIP 50-item Big-Five Factor Markers),ipip_50_item_big_five_factor_markers_conscientiousness,Big Five personality traits,"Goldberg, L. R. (1992). The development of markers for the Big-Five factor structure. Psychological Assessment, 4(1), 26–42. https://doi.org/10.1037/1040-3590.4.1.26; Goldberg, L. R. (1999). A broad-bandwidth, public-domain, personality inventory measuring the lower-level facets of several five-factor models. In I. Mervielde, I. J. Deary, F. De Fruyt, & F. Ostendorf (Eds.), Personality psychology in Europe (Vol. 7, pp. 7–28). Tilburg University Press.",7,I like order.,False,needs_verification,,,
Conscientiousness (IPIP 50-item Big-Five Factor Markers),ipip_50_item_big_five_factor_markers_conscientiousness,Big Five personality traits,"Goldberg, L. R. (1992). The development of markers for the Big-Five factor structure. Psychological Assessment, 4(1), 26–42. https://doi.org/10.1037/1040-3590.4.1.26; Goldberg, L. R. (1999). A broad-bandwidth, public-domain, personality inventory measuring the lower-level facets of several five-factor models. In I. Mervielde, I. J. Deary, F. De Fruyt, & F. Ostendorf (Eds.), Personality psychology in Europe (Vol. 7, pp. 7–28). Tilburg University Press.",8,I shirk my duties.,False,needs_verification,,,
Conscientiousness (IPIP 50-item Big-Five Factor Markers),ipip_50_item_big_five_factor_markers_conscientiousness,Big Five personality traits,"Goldberg, L. R. (1992). The development of markers for the Big-Five factor structure. Psychological Assessment, 4(1), 26–42. https://doi.org/10.1037/1040-3590.4.1.26; Goldberg, L. R. (1999). A broad-bandwidth, public-domain, personality inventory measuring the lower-level facets of several five-factor models. In I. Mervielde, I. J. Deary, F. De Fruyt, & F. Ostendorf (Eds.), Personality psychology in Europe (Vol. 7, pp. 7–28). Tilburg University Press.",9,I follow a schedule.,False,needs_verification,,,
Conscientiousness (IPIP 50-item Big-Five Factor Markers),ipip_50_item_big_five_factor_markers_conscientiousness,Big Five personality traits,"Goldberg, L. R. (1992). The development of markers for the Big-Five factor structure. Psychological Assessment, 4(1), 26–42. https://doi.org/10.1037/1040-3590.4.1.26; Goldberg, L. R. (1999). A broad-bandwidth, public-domain, personality inventory measuring the lower-level facets of several five-factor models. In I. Mervielde, I. J. Deary, F. De Fruyt, & F. Ostendorf (Eds.), Personality psychology in Europe (Vol. 7, pp. 7–28). Tilburg University Press.",10,I am exacting in my work.,False,needs_verification,,,
Emotional Stability / Neuroticism (IPIP 50-item Big-Five Factor Markers),ipip_50_item_big_five_factor_markers_emotional_stability_neuroticism,Big Five personality traits,"Goldberg, L. R. (1992). The development of markers for the Big-Five factor structure. Psychological Assessment, 4(1), 26–42. https://doi.org/10.1037/1040-3590.4.1.26; Goldberg, L. R. (1999). A broad-bandwidth, public-domain, personality inventory measuring the lower-level facets of several five-factor models. In I. Mervielde, I. J. Deary, F. De Fruyt, & F. Ostendorf (Eds.), Personality psychology in Europe (Vol. 7, pp. 7–28). Tilburg University Press.",1,I get stressed out easily.,False,needs_verification,,,
Emotional Stability / Neuroticism (IPIP 50-item Big-Five Factor Markers),ipip_50_item_big_five_factor_markers_emotional_stability_neuroticism,Big Five personality traits,"Goldberg, L. R. (1992). The development of markers for the Big-Five factor structure. Psychological Assessment, 4(1), 26–42. https://doi.org/10.1037/1040-3590.4.1.26; Goldberg, L. R. (1999). A broad-bandwidth, public-domain, personality inventory measuring the lower-level facets of several five-factor models. In I. Mervielde, I. J. Deary, F. De Fruyt, & F. Ostendorf (Eds.), Personality psychology in Europe (Vol. 7, pp. 7–28). Tilburg University Press.",2,I am relaxed most of the time.,False,needs_verification,,,
Emotional Stability / Neuroticism (IPIP 50-item Big-Five Factor Markers),ipip_50_item_big_five_factor_markers_emotional_stability_neuroticism,Big Five personality traits,"Goldberg, L. R. (1992). The development of markers for the Big-Five factor structure. Psychological Assessment, 4(1), 26–42. https://doi.org/10.1037/1040-3590.4.1.26; Goldberg, L. R. (1999). A broad-bandwidth, public-domain, personality inventory measuring the lower-level facets of several five-factor models. In I. Mervielde, I. J. Deary, F. De Fruyt, & F. Ostendorf (Eds.), Personality psychology in Europe (Vol. 7, pp. 7–28). Tilburg University Press.",3,I worry about things.,False,needs_verification,,,
Emotional Stability / Neuroticism (IPIP 50-item Big-Five Factor Markers),ipip_50_item_big_five_factor_markers_emotional_stability_neuroticism,Big Five personality traits,"Goldberg, L. R. (1992). The development of markers for the Big-Five factor structure. Psychological Assessment, 4(1), 26–42. https://doi.org/10.1037/1040-3590.4.1.26; Goldberg, L. R. (1999). A broad-bandwidth, public-domain, personality inventory measuring the lower-level facets of several five-factor models. In I. Mervielde, I. J. Deary, F. De Fruyt, & F. Ostendorf (Eds.), Personality psychology in Europe (Vol. 7, pp. 7–28). Tilburg University Press.",4,I seldom feel blue.,False,needs_verification,,,
Emotional Stability / Neuroticism (IPIP 50-item Big-Five Factor Markers),ipip_50_item_big_five_factor_markers_emotional_stability_neuroticism,Big Five personality traits,"Goldberg, L. R. (1992). The development of markers for the Big-Five factor structure. Psychological Assessment, 4(1), 26–42. https://doi.org/10.1037/1040-3590.4.1.26; Goldberg, L. R. (1999). A broad-bandwidth, public-domain, personality inventory measuring the lower-level facets of several five-factor models. In I. Mervielde, I. J. Deary, F. De Fruyt, & F. Ostendorf (Eds.), Personality psychology in Europe (Vol. 7, pp. 7–28). Tilburg University Press.",5,I am easily disturbed.,False,needs_verification,,,
Emotional Stability / Neuroticism (IPIP 50-item Big-Five Factor Markers),ipip_50_item_big_five_factor_markers_emotional_stability_neuroticism,Big Five personality traits,"Goldberg, L. R. (1992). The development of markers for the Big-Five factor structure. Psychological Assessment, 4(1), 26–42. https://doi.org/10.1037/1040-3590.4.1.26; Goldberg, L. R. (1999). A broad-bandwidth, public-domain, personality inventory measuring the lower-level facets of several five-factor models. In I. Mervielde, I. J. Deary, F. De Fruyt, & F. Ostendorf (Eds.), Personality psychology in Europe (Vol. 7, pp. 7–28). Tilburg University Press.",6,I get upset easily.,False,needs_verification,,,
Emotional Stability / Neuroticism (IPIP 50-item Big-Five Factor Markers),ipip_50_item_big_five_factor_markers_emotional_stability_neuroticism,Big Five personality traits,"Goldberg, L. R. (1992). The development of markers for the Big-Five factor structure. Psychological Assessment, 4(1), 26–42. https://doi.org/10.1037/1040-3590.4.1.26; Goldberg, L. R. (1999). A broad-bandwidth, public-domain, personality inventory measuring the lower-level facets of several five-factor models. In I. Mervielde, I. J. Deary, F. De Fruyt, & F. Ostendorf (Eds.), Personality psychology in Europe (Vol. 7, pp. 7–28). Tilburg University Press.",7,I change my mood a lot.,False,needs_verification,,,
Emotional Stability / Neuroticism (IPIP 50-item Big-Five Factor Markers),ipip_50_item_big_five_factor_markers_emotional_stability_neuroticism,Big Five personality traits,"Goldberg, L. R. (1992). The development of markers for the Big-Five factor structure. Psychological Assessment, 4(1), 26–42. https://doi.org/10.1037/1040-3590.4.1.26; Goldberg, L. R. (1999). A broad-bandwidth, public-domain, personality inventory measuring the lower-level facets of several five-factor models. In I. Mervielde, I. J. Deary, F. De Fruyt, & F. Ostendorf (Eds.), Personality psychology in Europe (Vol. 7, pp. 7–28). Tilburg University Press.",8,I have frequent mood swings.,False,needs_verification,,,
Emotional Stability / Neuroticism (IPIP 50-item Big-Five Factor Markers),ipip_50_item_big_five_factor_markers_emotional_stability_neuroticism,Big Five personality traits,"Goldberg, L. R. (1992). The development of markers for the Big-Five factor structure. Psychological Assessment, 4(1), 26–42. https://doi.org/10.1037/1040-3590.4.1.26; Goldberg, L. R. (1999). A broad-bandwidth, public-domain, personality inventory measuring the lower-level facets of several five-factor models. In I. Mervielde, I. J. Deary, F. De Fruyt, & F. Ostendorf (Eds.), Personality psychology in Europe (Vol. 7, pp. 7–28). Tilburg University Press.",9,I get irritated easily.,False,needs_verification,,,
Emotional Stability / Neuroticism (IPIP 50-item Big-Five Factor Markers),ipip_50_item_big_five_factor_markers_emotional_stability_neuroticism,Big Five personality traits,"Goldberg, L. R. (1992). The development of markers for the Big-Five factor structure. Psychological Assessment, 4(1), 26–42. https://doi.org/10.1037/1040-3590.4.1.26; Goldberg, L. R. (1999). A broad-bandwidth, public-domain, personality inventory measuring the lower-level facets of several five-factor models. In I. Mervielde, I. J. Deary, F. De Fruyt, & F. Ostendorf (Eds.), Personality psychology in Europe (Vol. 7, pp. 7–28). Tilburg University Press.",10,I often feel blue.,False,needs_verification,,,
Extraversion (IPIP 50-item Big-Five Factor Markers),ipip_50_item_big_five_factor_markers_extraversion,Big Five personality traits,"Goldberg, L. R. (1992). The development of markers for the Big-Five factor structure. Psychological Assessment, 4(1), 26–42. https://doi.org/10.1037/1040-3590.4.1.26; Goldberg, L. R. (1999). A broad-bandwidth, public-domain, personality inventory measuring the lower-level facets of several five-factor models. In I. Mervielde, I. J. Deary, F. De Fruyt, & F. Ostendorf (Eds.), Personality psychology in Europe (Vol. 7, pp. 7–28). Tilburg University Press.",1,I am the life of the party.,False,needs_verification,,,
Extraversion (IPIP 50-item Big-Five Factor Markers),ipip_50_item_big_five_factor_markers_extraversion,Big Five personality traits,"Goldberg, L. R. (1992). The development of markers for the Big-Five factor structure. Psychological Assessment, 4(1), 26–42. https://doi.org/10.1037/1040-3590.4.1.26; Goldberg, L. R. (1999). A broad-bandwidth, public-domain, personality inventory measuring the lower-level facets of several five-factor models. In I. Mervielde, I. J. Deary, F. De Fruyt, & F. Ostendorf (Eds.), Personality psychology in Europe (Vol. 7, pp. 7–28). Tilburg University Press.",2,I don't talk a lot.,False,needs_verification,,,
Extraversion (IPIP 50-item Big-Five Factor Markers),ipip_50_item_big_five_factor_markers_extraversion,Big Five personality traits,"Goldberg, L. R. (1992). The development of markers for the Big-Five factor structure. Psychological Assessment, 4(1), 26–42. https://doi.org/10.1037/1040-3590.4.1.26; Goldberg, L. R. (1999). A broad-bandwidth, public-domain, personality inventory measuring the lower-level facets of several five-factor models. In I. Mervielde, I. J. Deary, F. De Fruyt, & F. Ostendorf (Eds.), Personality psychology in Europe (Vol. 7, pp. 7–28). Tilburg University Press.",3,I feel comfortable around people.,False,needs_verification,,,
Extraversion (IPIP 50-item Big-Five Factor Markers),ipip_50_item_big_five_factor_markers_extraversion,Big Five personality traits,"Goldberg, L. R. (1992). The development of markers for the Big-Five factor structure. Psychological Assessment, 4(1), 26–42. https://doi.org/10.1037/1040-3590.4.1.26; Goldberg, L. R. (1999). A broad-bandwidth, public-domain, personality inventory measuring the lower-level facets of several five-factor models. In I. Mervielde, I. J. Deary, F. De Fruyt, & F. Ostendorf (Eds.), Personality psychology in Europe (Vol. 7, pp. 7–28). Tilburg University Press.",4,I keep in the background.,False,needs_verification,,,
Extraversion (IPIP 50-item Big-Five Factor Markers),ipip_50_item_big_five_factor_markers_extraversion,Big Five personality traits,"Goldberg, L. R. (1992). The development of markers for the Big-Five factor structure. Psychological Assessment, 4(1), 26–42. https://doi.org/10.1037/1040-3590.4.1.26; Goldberg, L. R. (1999). A broad-bandwidth, public-domain, personality inventory measuring the lower-level facets of several five-factor models. In I. Mervielde, I. J. Deary, F. De Fruyt, & F. Ostendorf (Eds.), Personality psychology in Europe (Vol. 7, pp. 7–28). Tilburg University Press.",5,I start conversations.,False,needs_verification,,,
Extraversion (IPIP 50-item Big-Five Factor Markers),ipip_50_item_big_five_factor_markers_extraversion,Big Five personality traits,"Goldberg, L. R. (1992). The development of markers for the Big-Five factor structure. Psychological Assessment, 4(1), 26–42. https://doi.org/10.1037/1040-3590.4.1.26; Goldberg, L. R. (1999). A broad-bandwidth, public-domain, personality inventory measuring the lower-level facets of several five-factor models. In I. Mervielde, I. J. Deary, F. De Fruyt, & F. Ostendorf (Eds.), Personality psychology in Europe (Vol. 7, pp. 7–28). Tilburg University Press.",6,I have little to say.,False,needs_verification,,,
Extraversion (IPIP 50-item Big-Five Factor Markers),ipip_50_item_big_five_factor_markers_extraversion,Big Five personality traits,"Goldberg, L. R. (1992). The development of markers for the Big-Five factor structure. Psychological Assessment, 4(1), 26–42. https://doi.org/10.1037/1040-3590.4.1.26; Goldberg, L. R. (1999). A broad-bandwidth, public-domain, personality inventory measuring the lower-level facets of several five-factor models. In I. Mervielde, I. J. Deary, F. De Fruyt, & F. Ostendorf (Eds.), Personality psychology in Europe (Vol. 7, pp. 7–28). Tilburg University Press.",7,I talk to a lot of different people at parties.,False,needs_verification,,,
Extraversion (IPIP 50-item Big-Five Factor Markers),ipip_50_item_big_five_factor_markers_extraversion,Big Five personality traits,"Goldberg, L. R. (1992). The development of markers for the Big-Five factor structure. Psychological Assessment, 4(1), 26–42. https://doi.org/10.1037/1040-3590.4.1.26; Goldberg, L. R. (1999). A broad-bandwidth, public-domain, personality inventory measuring the lower-level facets of several five-factor models. In I. Mervielde, I. J. Deary, F. De Fruyt, & F. Ostendorf (Eds.), Personality psychology in Europe (Vol. 7, pp. 7–28). Tilburg University Press.",8,I don't like to draw attention to myself.,False,needs_verification,,,
Extraversion (IPIP 50-item Big-Five Factor Markers),ipip_50_item_big_five_factor_markers_extraversion,Big Five personality traits,"Goldberg, L. R. (1992). The development of markers for the Big-Five factor structure. Psychological Assessment, 4(1), 26–42. https://doi.org/10.1037/1040-3590.4.1.26; Goldberg, L. R. (1999). A broad-bandwidth, public-domain, personality inventory measuring the lower-level facets of several five-factor models. In I. Mervielde, I. J. Deary, F. De Fruyt, & F. Ostendorf (Eds.), Personality psychology in Europe (Vol. 7, pp. 7–28). Tilburg University Press.",9,I don't mind being the center of attention.,False,needs_verification,,,
Extraversion (IPIP 50-item Big-Five Factor Markers),ipip_50_item_big_five_factor_markers_extraversion,Big Five personality traits,"Goldberg, L. R. (1992). The development of markers for the Big-Five factor structure. Psychological Assessment, 4(1), 26–42. https://doi.org/10.1037/1040-3590.4.1.26; Goldberg, L. R. (1999). A broad-bandwidth, public-domain, personality inventory measuring the lower-level facets of several five-factor models. In I. Mervielde, I. J. Deary, F. De Fruyt, & F. Ostendorf (Eds.), Personality psychology in Europe (Vol. 7, pp. 7–28). Tilburg University Press.",10,I am quiet around strangers.,False,needs_verification,,,
Intellect/Imagination (IPIP 50-item Big-Five Factor Markers),ipip_50_item_big_five_factor_markers_intellect_imagination,Big Five personality traits,"Goldberg, L. R. (1992). The development of markers for the Big-Five factor structure. Psychological Assessment, 4(1), 26–42. https://doi.org/10.1037/1040-3590.4.1.26; Goldberg, L. R. (1999). A broad-bandwidth, public-domain, personality inventory measuring the lower-level facets of several five-factor models. In I. Mervielde, I. J. Deary, F. De Fruyt, & F. Ostendorf (Eds.), Personality psychology in Europe (Vol. 7, pp. 7–28). Tilburg University Press.",1,I have a rich vocabulary.,False,needs_verification,,,
Intellect/Imagination (IPIP 50-item Big-Five Factor Markers),ipip_50_item_big_five_factor_markers_intellect_imagination,Big Five personality traits,"Goldberg, L. R. (1992). The development of markers for the Big-Five factor structure. Psychological Assessment, 4(1), 26–42. https://doi.org/10.1037/1040-3590.4.1.26; Goldberg, L. R. (1999). A broad-bandwidth, public-domain, personality inventory measuring the lower-level facets of several five-factor models. In I. Mervielde, I. J. Deary, F. De Fruyt, & F. Ostendorf (Eds.), Personality psychology in Europe (Vol. 7, pp. 7–28). Tilburg University Press.",2,I have difficulty understanding abstract ideas.,False,needs_verification,,,
Intellect/Imagination (IPIP 50-item Big-Five Factor Markers),ipip_50_item_big_five_factor_markers_intellect_imagination,Big Five personality traits,"Goldberg, L. R. (1992). The development of markers for the Big-Five factor structure. Psychological Assessment, 4(1), 26–42. https://doi.org/10.1037/1040-3590.4.1.26; Goldberg, L. R. (1999). A broad-bandwidth, public-domain, personality inventory measuring the lower-level facets of several five-factor models. In I. Mervielde, I. J. Deary, F. De Fruyt, & F. Ostendorf (Eds.), Personality psychology in Europe (Vol. 7, pp. 7–28). Tilburg University Press.",3,I have a vivid imagination.,False,needs_verification,,,
Intellect/Imagination (IPIP 50-item Big-Five Factor Markers),ipip_50_item_big_five_factor_markers_intellect_imagination,Big Five personality traits,"Goldberg, L. R. (1992). The development of markers for the Big-Five factor structure. Psychological Assessment, 4(1), 26–42. https://doi.org/10.1037/1040-3590.4.1.26; Goldberg, L. R. (1999). A broad-bandwidth, public-domain, personality inventory measuring the lower-level facets of several five-factor models. In I. Mervielde, I. J. Deary, F. De Fruyt, & F. Ostendorf (Eds.), Personality psychology in Europe (Vol. 7, pp. 7–28). Tilburg University Press.",4,I am not interested in abstract ideas.,False,needs_verification,,,
Intellect/Imagination (IPIP 50-item Big-Five Factor Markers),ipip_50_item_big_five_factor_markers_intellect_imagination,Big Five personality traits,"Goldberg, L. R. (1992). The development of markers for the Big-Five factor structure. Psychological Assessment, 4(1), 26–42. https://doi.org/10.1037/1040-3590.4.1.26; Goldberg, L. R. (1999). A broad-bandwidth, public-domain, personality inventory measuring the lower-level facets of several five-factor models. In I. Mervielde, I. J. Deary, F. De Fruyt, & F. Ostendorf (Eds.), Personality psychology in Europe (Vol. 7, pp. 7–28). Tilburg University Press.",5,I have excellent ideas.,False,needs_verification,,,
Intellect/Imagination (IPIP 50-item Big-Five Factor Markers),ipip_50_item_big_five_factor_markers_intellect_imagination,Big Five personality traits,"Goldberg, L. R. (1992). The development of markers for the Big-Five factor structure. Psychological Assessment, 4(1), 26–42. https://doi.org/10.1037/1040-3590.4.1.26; Goldberg, L. R. (1999). A broad-bandwidth, public-domain, personality inventory measuring the lower-level facets of several five-factor models. In I. Mervielde, I. J. Deary, F. De Fruyt, & F. Ostendorf (Eds.), Personality psychology in Europe (Vol. 7, pp. 7–28). Tilburg University Press.",6,I do not have a good imagination.,False,needs_verification,,,
Intellect/Imagination (IPIP 50-item Big-Five Factor Markers),ipip_50_item_big_five_factor_markers_intellect_imagination,Big Five personality traits,"Goldberg, L. R. (1992). The development of markers for the Big-Five factor structure. Psychological Assessment, 4(1), 26–42. https://doi.org/10.1037/1040-3590.4.1.26; Goldberg, L. R. (1999). A broad-bandwidth, public-domain, personality inventory measuring the lower-level facets of several five-factor models. In I. Mervielde, I. J. Deary, F. De Fruyt, & F. Ostendorf (Eds.), Personality psychology in Europe (Vol. 7, pp. 7–28). Tilburg University Press.",7,I am quick to understand things.,False,needs_verification,,,
Intellect/Imagination (IPIP 50-item Big-Five Factor Markers),ipip_50_item_big_five_factor_markers_intellect_imagination,Big Five personality traits,"Goldberg, L. R. (1992). The development of markers for the Big-Five factor structure. Psychological Assessment, 4(1), 26–42. https://doi.org/10.1037/1040-3590.4.1.26; Goldberg, L. R. (1999). A broad-bandwidth, public-domain, personality inventory measuring the lower-level facets of several five-factor models. In I. Mervielde, I. J. Deary, F. De Fruyt, & F. Ostendorf (Eds.), Personality psychology in Europe (Vol. 7, pp. 7–28). Tilburg University Press.",8,I use difficult words.,False,needs_verification,,,
Intellect/Imagination (IPIP 50-item Big-Five Factor Markers),ipip_50_item_big_five_factor_markers_intellect_imagination,Big Five personality traits,"Goldberg, L. R. (1992). The development of markers for the Big-Five factor structure. Psychological Assessment, 4(1), 26–42. https://doi.org/10.1037/1040-3590.4.1.26; Goldberg, L. R. (1999). A broad-bandwidth, public-domain, personality inventory measuring the lower-level facets of several five-factor models. In I. Mervielde, I. J. Deary, F. De Fruyt, & F. Ostendorf (Eds.), Personality psychology in Europe (Vol. 7, pp. 7–28). Tilburg University Press.",9,I spend time reflecting on things.,False,needs_verification,,,
Intellect/Imagination (IPIP 50-item Big-Five Factor Markers),ipip_50_item_big_five_factor_markers_intellect_imagination,Big Five personality traits,"Goldberg, L. R. (1992). The development of markers for the Big-Five factor structure. Psychological Assessment, 4(1), 26–42. https://doi.org/10.1037/1040-3590.4.1.26; Goldberg, L. R. (1999). A broad-bandwidth, public-domain, personality inventory measuring the lower-level facets of several five-factor models. In I. Mervielde, I. J. Deary, F. De Fruyt, & F. Ostendorf (Eds.), Personality psychology in Europe (Vol. 7, pp. 7–28). Tilburg University Press.",10,I am full of ideas.,False,needs_verification,,,
Empathic Concern (IRI),iri_empathic_concern,Empathy,"Davis, M. H. (1983). Measuring individual differences in empathy: Evidence for a multidimensional approach. Journal of Personality and Social Psychology, 44(1), 113–126. https://doi.org/10.1037/0022-3514.44.1.113",1,"I often have tender, concerned feelings for people less fortunate than me.",False,needs_verification,,,
Empathic Concern (IRI),iri_empathic_concern,Empathy,"Davis, M. H. (1983). Measuring individual differences in empathy: Evidence for a multidimensional approach. Journal of Personality and Social Psychology, 44(1), 113–126. https://doi.org/10.1037/0022-3514.44.1.113",2,Sometimes I don't feel very sorry for other people when they are having problems.,True,needs_verification,,,
Empathic Concern (IRI),iri_empathic_concern,Empathy,"Davis, M. H. (1983). Measuring individual differences in empathy: Evidence for a multidimensional approach. Journal of Personality and Social Psychology, 44(1), 113–126. https://doi.org/10.1037/0022-3514.44.1.113",3,"When I see someone being taken advantage of, I feel kind of protective towards them.",False,needs_verification,,,
Empathic Concern (IRI),iri_empathic_concern,Empathy,"Davis, M. H. (1983). Measuring individual differences in empathy: Evidence for a multidimensional approach. Journal of Personality and Social Psychology, 44(1), 113–126. https://doi.org/10.1037/0022-3514.44.1.113",4,Other people's misfortunes do not usually disturb me a great deal.,True,needs_verification,,,
Empathic Concern (IRI),iri_empathic_concern,Empathy,"Davis, M. H. (1983). Measuring individual differences in empathy: Evidence for a multidimensional approach. Journal of Personality and Social Psychology, 44(1), 113–126. https://doi.org/10.1037/0022-3514.44.1.113",5,"When I see someone being treated unfairly, I sometimes don't feel very much pity for them.",True,needs_verification,,,
Empathic Concern (IRI),iri_empathic_concern,Empathy,"Davis, M. H. (1983). Measuring individual differences in empathy: Evidence for a multidimensional approach. Journal of Personality and Social Psychology, 44(1), 113–126. https://doi.org/10.1037/0022-3514.44.1.113",6,I am often quite touched by things that I see happen.,False,needs_verification,,,
Empathic Concern (IRI),iri_empathic_concern,Empathy,"Davis, M. H. (1983). Measuring individual differences in empathy: Evidence for a multidimensional approach. Journal of Personality and Social Psychology, 44(1), 113–126. https://doi.org/10.1037/0022-3514.44.1.113",7,I would describe myself as a pretty soft-hearted person.,False,needs_verification,,,
Fantasy (IRI),iri_fantasy,Empathy,"Davis, M. H. (1983). Measuring individual differences in empathy: Evidence for a multidimensional approach. Journal of Personality and Social Psychology, 44(1), 113–126. https://doi.org/10.1037/0022-3514.44.1.113",1,"I daydream and fantasize, with some regularity, about things that might happen to me.",False,needs_verification,,,
Fantasy (IRI),iri_fantasy,Empathy,"Davis, M. H. (1983). Measuring individual differences in empathy: Evidence for a multidimensional approach. Journal of Personality and Social Psychology, 44(1), 113–126. https://doi.org/10.1037/0022-3514.44.1.113",2,I really get involved with the feelings of the characters in a novel.,False,needs_verification,,,
Fantasy (IRI),iri_fantasy,Empathy,"Davis, M. H. (1983). Measuring individual differences in empathy: Evidence for a multidimensional approach. Journal of Personality and Social Psychology, 44(1), 113–126. https://doi.org/10.1037/0022-3514.44.1.113",3,"I am usually objective when I watch a movie or play, and I don't often get completely caught up in it.",True,needs_verification,,,
Fantasy (IRI),iri_fantasy,Empathy,"Davis, M. H. (1983). Measuring individual differences in empathy: Evidence for a multidimensional approach. Journal of Personality and Social Psychology, 44(1), 113–126. https://doi.org/10.1037/0022-3514.44.1.113",4,Becoming extremely involved in a good book or movie is somewhat rare for me.,True,needs_verification,,,
Fantasy (IRI),iri_fantasy,Empathy,"Davis, M. H. (1983). Measuring individual differences in empathy: Evidence for a multidimensional approach. Journal of Personality and Social Psychology, 44(1), 113–126. https://doi.org/10.1037/0022-3514.44.1.113",5,"After seeing a play or movie, I have felt as though I were one of the characters.",False,needs_verification,,,
Fantasy (IRI),iri_fantasy,Empathy,"Davis, M. H. (1983). Measuring individual differences in empathy: Evidence for a multidimensional approach. Journal of Personality and Social Psychology, 44(1), 113–126. https://doi.org/10.1037/0022-3514.44.1.113",6,"When I watch a good movie, I can very easily put myself in the place of a leading character.",False,needs_verification,,,
Fantasy (IRI),iri_fantasy,Empathy,"Davis, M. H. (1983). Measuring individual differences in empathy: Evidence for a multidimensional approach. Journal of Personality and Social Psychology, 44(1), 113–126. https://doi.org/10.1037/0022-3514.44.1.113",7,"When I am reading an interesting story or novel, I imagine how I would feel if the events in the story were happening to me.",False,needs_verification,,,
Personal Distress (IRI),iri_personal_distress,Empathy,"Davis, M. H. (1983). Measuring individual differences in empathy: Evidence for a multidimensional approach. Journal of Personality and Social Psychology, 44(1), 113–126. https://doi.org/10.1037/0022-3514.44.1.113",1,"In emergency situations, I feel apprehensive and ill-at-ease.",False,needs_verification,,,
Personal Distress (IRI),iri_personal_distress,Empathy,"Davis, M. H. (1983). Measuring individual differences in empathy: Evidence for a multidimensional approach. Journal of Personality and Social Psychology, 44(1), 113–126. https://doi.org/10.1037/0022-3514.44.1.113",2,I sometimes feel helpless when I am in the middle of a very emotional situation.,False,needs_verification,,,
Personal Distress (IRI),iri_personal_distress,Empathy,"Davis, M. H. (1983). Measuring individual differences in empathy: Evidence for a multidimensional approach. Journal of Personality and Social Psychology, 44(1), 113–126. https://doi.org/10.1037/0022-3514.44.1.113",3,"When I see someone get hurt, I tend to remain calm.",True,needs_verification,,,
Personal Distress (IRI),iri_personal_distress,Empathy,"Davis, M. H. (1983). Measuring individual differences in empathy: Evidence for a multidimensional approach. Journal of Personality and Social Psychology, 44(1), 113–126. https://doi.org/10.1037/0022-3514.44.1.113",4,Being in a tense emotional situation scares me.,False,needs_verification,,,
Personal Distress (IRI),iri_personal_distress,Empathy,"Davis, M. H. (1983). Measuring individual differences in empathy: Evidence for a multidimensional approach. Journal of Personality and Social Psychology, 44(1), 113–126. https://doi.org/10.1037/0022-3514.44.1.113",5,I am usually pretty effective in dealing with emergencies.,True,needs_verification,,,
Personal Distress (IRI),iri_personal_distress,Empathy,"Davis, M. H. (1983). Measuring individual differences in empathy: Evidence for a multidimensional approach. Journal of Personality and Social Psychology, 44(1), 113–126. https://doi.org/10.1037/0022-3514.44.1.113",6,I tend to lose control during emergencies.,False,needs_verification,,,
Personal Distress (IRI),iri_personal_distress,Empathy,"Davis, M. H. (1983). Measuring individual differences in empathy: Evidence for a multidimensional approach. Journal of Personality and Social Psychology, 44(1), 113–126. https://doi.org/10.1037/0022-3514.44.1.113",7,"When I see someone who badly needs help in an emergency, I go to pieces.",False,needs_verification,,,
Perspective Taking (IRI),iri_perspective_taking,Empathy,"Davis, M. H. (1983). Measuring individual differences in empathy: Evidence for a multidimensional approach. Journal of Personality and Social Psychology, 44(1), 113–126. https://doi.org/10.1037/0022-3514.44.1.113",1,"I sometimes find it difficult to see things from the ""other guy's"" point of view.",True,needs_verification,,,
Perspective Taking (IRI),iri_perspective_taking,Empathy,"Davis, M. H. (1983). Measuring individual differences in empathy: Evidence for a multidimensional approach. Journal of Personality and Social Psychology, 44(1), 113–126. https://doi.org/10.1037/0022-3514.44.1.113",2,I try to look at everybody's side of a disagreement before I make a decision.,False,needs_verification,,,
Perspective Taking (IRI),iri_perspective_taking,Empathy,"Davis, M. H. (1983). Measuring individual differences in empathy: Evidence for a multidimensional approach. Journal of Personality and Social Psychology, 44(1), 113–126. https://doi.org/10.1037/0022-3514.44.1.113",3,I sometimes try to understand my friends better by imagining how things look from their perspective.,False,needs_verification,,,
Perspective Taking (IRI),iri_perspective_taking,Empathy,"Davis, M. H. (1983). Measuring individual differences in empathy: Evidence for a multidimensional approach. Journal of Personality and Social Psychology, 44(1), 113–126. https://doi.org/10.1037/0022-3514.44.1.113",4,"If I'm sure I'm right about something, I don't waste much time listening to other people's arguments.",True,needs_verification,,,
Perspective Taking (IRI),iri_perspective_taking,Empathy,"Davis, M. H. (1983). Measuring individual differences in empathy: Evidence for a multidimensional approach. Journal of Personality and Social Psychology, 44(1), 113–126. https://doi.org/10.1037/0022-3514.44.1.113",5,I believe that there are two sides to every question and try to look at them both.,False,needs_verification,,,
Perspective Taking (IRI),iri_perspective_taking,Empathy,"Davis, M. H. (1983). Measuring individual differences in empathy: Evidence for a multidimensional approach. Journal of Personality and Social Psychology, 44(1), 113–126. https://doi.org/10.1037/0022-3514.44.1.113",6,"When I'm upset at someone, I usually try to ""put myself in his shoes"" for a while.",False,needs_verification,,,
Perspective Taking (IRI),iri_perspective_taking,Empathy,"Davis, M. H. (1983). Measuring individual differences in empathy: Evidence for a multidimensional approach. Journal of Personality and Social Psychology, 44(1), 113–126. https://doi.org/10.1037/0022-3514.44.1.113",7,"Before criticizing somebody, I try to imagine how I would feel if I were in their place.",False,needs_verification,,,
Kessler Psychological Distress Scale (K10),k10,Psychological distress,"Kessler, R. C., Andrews, G., Colpe, L. J., Hiripi, E., Mroczek, D. K., Normand, S.-L. T., Walters, E. E., & Zaslavsky, A. M. (2002). Short screening scales to monitor population prevalences and trends in non-specific psychological distress. Psychological Medicine, 32(6), 959–976. https://doi.org/10.1017/S0033291702006074",1,tired out for no good reason?,False,needs_verification,,,
Kessler Psychological Distress Scale (K10),k10,Psychological distress,"Kessler, R. C., Andrews, G., Colpe, L. J., Hiripi, E., Mroczek, D. K., Normand, S.-L. T., Walters, E. E., & Zaslavsky, A. M. (2002). Short screening scales to monitor population prevalences and trends in non-specific psychological distress. Psychological Medicine, 32(6), 959–976. https://doi.org/10.1017/S0033291702006074",2,nervous?,False,needs_verification,,,
Kessler Psychological Distress Scale (K10),k10,Psychological distress,"Kessler, R. C., Andrews, G., Colpe, L. J., Hiripi, E., Mroczek, D. K., Normand, S.-L. T., Walters, E. E., & Zaslavsky, A. M. (2002). Short screening scales to monitor population prevalences and trends in non-specific psychological distress. Psychological Medicine, 32(6), 959–976. https://doi.org/10.1017/S0033291702006074",3,so nervous that nothing could calm you down?,False,needs_verification,,,
Kessler Psychological Distress Scale (K10),k10,Psychological distress,"Kessler, R. C., Andrews, G., Colpe, L. J., Hiripi, E., Mroczek, D. K., Normand, S.-L. T., Walters, E. E., & Zaslavsky, A. M. (2002). Short screening scales to monitor population prevalences and trends in non-specific psychological distress. Psychological Medicine, 32(6), 959–976. https://doi.org/10.1017/S0033291702006074",4,hopeless?,False,needs_verification,,,
Kessler Psychological Distress Scale (K10),k10,Psychological distress,"Kessler, R. C., Andrews, G., Colpe, L. J., Hiripi, E., Mroczek, D. K., Normand, S.-L. T., Walters, E. E., & Zaslavsky, A. M. (2002). Short screening scales to monitor population prevalences and trends in non-specific psychological distress. Psychological Medicine, 32(6), 959–976. https://doi.org/10.1017/S0033291702006074",5,restless or fidgety?,False,needs_verification,,,
Kessler Psychological Distress Scale (K10),k10,Psychological distress,"Kessler, R. C., Andrews, G., Colpe, L. J., Hiripi, E., Mroczek, D. K., Normand, S.-L. T., Walters, E. E., & Zaslavsky, A. M. (2002). Short screening scales to monitor population prevalences and trends in non-specific psychological distress. Psychological Medicine, 32(6), 959–976. https://doi.org/10.1017/S0033291702006074",6,so restless you could not sit still?,False,needs_verification,,,
Kessler Psychological Distress Scale (K10),k10,Psychological distress,"Kessler, R. C., Andrews, G., Colpe, L. J., Hiripi, E., Mroczek, D. K., Normand, S.-L. T., Walters, E. E., & Zaslavsky, A. M. (2002). Short screening scales to monitor population prevalences and trends in non-specific psychological distress. Psychological Medicine, 32(6), 959–976. https://doi.org/10.1017/S0033291702006074",7,depressed?,False,needs_verification,,,
Kessler Psychological Distress Scale (K10),k10,Psychological distress,"Kessler, R. C., Andrews, G., Colpe, L. J., Hiripi, E., Mroczek, D. K., Normand, S.-L. T., Walters, E. E., & Zaslavsky, A. M. (2002). Short screening scales to monitor population prevalences and trends in non-specific psychological distress. Psychological Medicine, 32(6), 959–976. https://doi.org/10.1017/S0033291702006074",8,that everything was an effort?,False,needs_verification,,,
Kessler Psychological Distress Scale (K10),k10,Psychological distress,"Kessler, R. C., Andrews, G., Colpe, L. J., Hiripi, E., Mroczek, D. K., Normand, S.-L. T., Walters, E. E., & Zaslavsky, A. M. (2002). Short screening scales to monitor population prevalences and trends in non-specific psychological distress. Psychological Medicine, 32(6), 959–976. https://doi.org/10.1017/S0033291702006074",9,so sad that nothing could cheer you up?,False,needs_verification,,,
Kessler Psychological Distress Scale (K10),k10,Psychological distress,"Kessler, R. C., Andrews, G., Colpe, L. J., Hiripi, E., Mroczek, D. K., Normand, S.-L. T., Walters, E. E., & Zaslavsky, A. M. (2002). Short screening scales to monitor population prevalences and trends in non-specific psychological distress. Psychological Medicine, 32(6), 959–976. https://doi.org/10.1017/S0033291702006074",10,worthless?,False,needs_verification,,,
Life Orientation Test–Revised (LOT-R),lot_r,Optimism,"Scheier, M. F., Carver, C. S., & Bridges, M. W. (1994). Distinguishing optimism from neuroticism: A reevaluation of the Life Orientation Test. Journal of Personality and Social Psychology, 67(6), 1063–1078. https://doi.org/10.1037/0022-3514.67.6.1063",1,"In uncertain times, I usually expect the best.",False,needs_verification,,,
Life Orientation Test–Revised (LOT-R),lot_r,Optimism,"Scheier, M. F., Carver, C. S., & Bridges, M. W. (1994). Distinguishing optimism from neuroticism: A reevaluation of the Life Orientation Test. Journal of Personality and Social Psychology, 67(6), 1063–1078. https://doi.org/10.1037/0022-3514.67.6.1063",2,"If something can go wrong for me, it will.",True,needs_verification,,,
Life Orientation Test–Revised (LOT-R),lot_r,Optimism,"Scheier, M. F., Carver, C. S., & Bridges, M. W. (1994). Distinguishing optimism from neuroticism: A reevaluation of the Life Orientation Test. Journal of Personality and Social Psychology, 67(6), 1063–1078. https://doi.org/10.1037/0022-3514.67.6.1063",3,I'm always optimistic about my future.,False,needs_verification,,,
Life Orientation Test–Revised (LOT-R),lot_r,Optimism,"Scheier, M. F., Carver, C. S., & Bridges, M. W. (1994). Distinguishing optimism from neuroticism: A reevaluation of the Life Orientation Test. Journal of Personality and Social Psychology, 67(6), 1063–1078. https://doi.org/10.1037/0022-3514.67.6.1063",4,I hardly ever expect things to go my way.,True,needs_verification,,,
Life Orientation Test–Revised (LOT-R),lot_r,Optimism,"Scheier, M. F., Carver, C. S., & Bridges, M. W. (1994). Distinguishing optimism from neuroticism: A reevaluation of the Life Orientation Test. Journal of Personality and Social Psychology, 67(6), 1063–1078. https://doi.org/10.1037/0022-3514.67.6.1063",5,I rarely count on good things happening to me.,True,needs_verification,,,
Life Orientation Test–Revised (LOT-R),lot_r,Optimism,"Scheier, M. F., Carver, C. S., & Bridges, M. W. (1994). Distinguishing optimism from neuroticism: A reevaluation of the Life Orientation Test. Journal of Personality and Social Psychology, 67(6), 1063–1078. https://doi.org/10.1037/0022-3514.67.6.1063",6,"Overall, I expect more good things to happen to me than bad.",False,needs_verification,,,
Mindful Attention Awareness Scale (MAAS),maas,Mindfulness,"Brown, K. W., & Ryan, R. M. (2003). The benefits of being present: Mindfulness and its role in psychological well-being. Journal of Personality and Social Psychology, 84(4), 822–848. https://doi.org/10.1037/0022-3514.84.4.822",1,I could be experiencing some emotion and not be conscious of it until some time later.,False,needs_verification,,,
Mindful Attention Awareness Scale (MAAS),maas,Mindfulness,"Brown, K. W., & Ryan, R. M. (2003). The benefits of being present: Mindfulness and its role in psychological well-being. Journal of Personality and Social Psychology, 84(4), 822–848. https://doi.org/10.1037/0022-3514.84.4.822",2,"I break or spill things because of carelessness, not paying attention, or thinking of something else.",False,needs_verification,,,
Mindful Attention Awareness Scale (MAAS),maas,Mindfulness,"Brown, K. W., & Ryan, R. M. (2003). The benefits of being present: Mindfulness and its role in psychological well-being. Journal of Personality and Social Psychology, 84(4), 822–848. https://doi.org/10.1037/0022-3514.84.4.822",3,I find it difficult to stay focused on what’s happening in the present.,False,needs_verification,,,
Mindful Attention Awareness Scale (MAAS),maas,Mindfulness,"Brown, K. W., & Ryan, R. M. (2003). The benefits of being present: Mindfulness and its role in psychological well-being. Journal of Personality and Social Psychology, 84(4), 822–848. https://doi.org/10.1037/0022-3514.84.4.822",4,I tend to walk quickly to get where I’m going without paying attention to what I experience along the way.,False,needs_verification,,,
Mindful Attention Awareness Scale (MAAS),maas,Mindfulness,"Brown, K. W., & Ryan, R. M. (2003). The benefits of being present: Mindfulness and its role in psychological well-being. Journal of Personality and Social Psychology, 84(4), 822–848. https://doi.org/10.1037/0022-3514.84.4.822",5,I tend not to notice feelings of physical tension or discomfort until they really grab my attention.,False,needs_verification,,,
Mindful Attention Awareness Scale (MAAS),maas,Mindfulness,"Brown, K. W., & Ryan, R. M. (2003). The benefits of being present: Mindfulness and its role in psychological well-being. Journal of Personality and Social Psychology, 84(4), 822–848. https://doi.org/10.1037/0022-3514.84.4.822",6,I forget a person’s name almost as soon as I’ve been told it for the first time.,False,needs_verification,,,
Mindful Attention Awareness Scale (MAAS),maas,Mindfulness,"Brown, K. W., & Ryan, R. M. (2003). The benefits of being present: Mindfulness and its role in psychological well-being. Journal of Personality and Social Psychology, 84(4), 822–848. https://doi.org/10.1037/0022-3514.84.4.822",7,"It seems I am “running on automatic,” without much awareness of what I’m doing.",False,needs_verification,,,
Mindful Attention Awareness Scale (MAAS),maas,Mindfulness,"Brown, K. W., & Ryan, R. M. (2003). The benefits of being present: Mindfulness and its role in psychological well-being. Journal of Personality and Social Psychology, 84(4), 822–848. https://doi.org/10.1037/0022-3514.84.4.822",8,I rush through activities without being really attentive to them.,False,needs_verification,,,
Mindful Attention Awareness Scale (MAAS),maas,Mindfulness,"Brown, K. W., & Ryan, R. M. (2003). The benefits of being present: Mindfulness and its role in psychological well-being. Journal of Personality and Social Psychology, 84(4), 822–848. https://doi.org/10.1037/0022-3514.84.4.822",9,I get so focused on the goal I want to achieve that I lose touch with what I’m doing right now to get there.,False,needs_verification,,,
Mindful Attention Awareness Scale (MAAS),maas,Mindfulness,"Brown, K. W., & Ryan, R. M. (2003). The benefits of being present: Mindfulness and its role in psychological well-being. Journal of Personality and Social Psychology, 84(4), 822–848. https://doi.org/10.1037/0022-3514.84.4.822",10,"I do jobs or tasks automatically, without being aware of what I'm doing.",False,needs_verification,,,
Mindful Attention Awareness Scale (MAAS),maas,Mindfulness,"Brown, K. W., & Ryan, R. M. (2003). The benefits of being present: Mindfulness and its role in psychological well-being. Journal of Personality and Social Psychology, 84(4), 822–848. https://doi.org/10.1037/0022-3514.84.4.822",11,"I find myself listening to someone with one ear, doing something else at the same time.",False,needs_verification,,,
Mindful Attention Awareness Scale (MAAS),maas,Mindfulness,"Brown, K. W., & Ryan, R. M. (2003). The benefits of being present: Mindfulness and its role in psychological well-being. Journal of Personality and Social Psychology, 84(4), 822–848. https://doi.org/10.1037/0022-3514.84.4.822",12,I drive places on ‘automatic pilot’ and then wonder why I went there.,False,needs_verification,,,
Mindful Attention Awareness Scale (MAAS),maas,Mindfulness,"Brown, K. W., & Ryan, R. M. (2003). The benefits of being present: Mindfulness and its role in psychological well-being. Journal of Personality and Social Psychology, 84(4), 822–848. https://doi.org/10.1037/0022-3514.84.4.822",13,I find myself preoccupied with the future or the past.,False,needs_verification,,,
Mindful Attention Awareness Scale (MAAS),maas,Mindfulness,"Brown, K. W., & Ryan, R. M. (2003). The benefits of being present: Mindfulness and its role in psychological well-being. Journal of Personality and Social Psychology, 84(4), 822–848. https://doi.org/10.1037/0022-3514.84.4.822",14,I find myself doing things without paying attention.,False,needs_verification,,,
Mindful Attention Awareness Scale (MAAS),maas,Mindfulness,"Brown, K. W., & Ryan, R. M. (2003). The benefits of being present: Mindfulness and its role in psychological well-being. Journal of Personality and Social Psychology, 84(4), 822–848. https://doi.org/10.1037/0022-3514.84.4.822",15,I snack without being aware that I’m eating.,False,needs_verification,,,
Authority (MFQ-2),mfq_2_authority,Moral foundations,"Atari, M., Haidt, J., Graham, J., Koleva, S., Stevens, S. T., & Dehghani, M. (2023). Morality beyond the WEIRD: How the nomological network of morality varies across cultures. Journal of Personality and Social Psychology, 125(5), 1157–1188. https://doi.org/10.1037/pspp0000470",1,I think it is important for societies to cherish their traditional values.,False,needs_verification,,,
Authority (MFQ-2),mfq_2_authority,Moral foundations,"Atari, M., Haidt, J., Graham, J., Koleva, S., Stevens, S. T., & Dehghani, M. (2023). Morality beyond the WEIRD: How the nomological network of morality varies across cultures. Journal of Personality and Social Psychology, 125(5), 1157–1188. https://doi.org/10.1037/pspp0000470",2,I feel that most traditions serve a valuable function in keeping society orderly.,False,needs_verification,,,
Authority (MFQ-2),mfq_2_authority,Moral foundations,"Atari, M., Haidt, J., Graham, J., Koleva, S., Stevens, S. T., & Dehghani, M. (2023). Morality beyond the WEIRD: How the nomological network of morality varies across cultures. Journal of Personality and Social Psychology, 125(5), 1157–1188. https://doi.org/10.1037/pspp0000470",3,I think obedience to parents is an important virtue.,False,needs_verification,,,
Authority (MFQ-2),mfq_2_authority,Moral foundations,"Atari, M., Haidt, J., Graham, J., Koleva, S., Stevens, S. T., & Dehghani, M. (2023). Morality beyond the WEIRD: How the nomological network of morality varies across cultures. Journal of Personality and Social Psychology, 125(5), 1157–1188. https://doi.org/10.1037/pspp0000470",4,We all need to learn from our elders.,False,needs_verification,,,
Authority (MFQ-2),mfq_2_authority,Moral foundations,"Atari, M., Haidt, J., Graham, J., Koleva, S., Stevens, S. T., & Dehghani, M. (2023). Morality beyond the WEIRD: How the nomological network of morality varies across cultures. Journal of Personality and Social Psychology, 125(5), 1157–1188. https://doi.org/10.1037/pspp0000470",5,I believe that one of the most important values to teach children is to have respect for authority.,False,needs_verification,,,
Authority (MFQ-2),mfq_2_authority,Moral foundations,"Atari, M., Haidt, J., Graham, J., Koleva, S., Stevens, S. T., & Dehghani, M. (2023). Morality beyond the WEIRD: How the nomological network of morality varies across cultures. Journal of Personality and Social Psychology, 125(5), 1157–1188. https://doi.org/10.1037/pspp0000470",6,I think having a strong leader is good for society.,False,needs_verification,,,
Care (MFQ-2),mfq_2_care,Moral foundations,"Atari, M., Haidt, J., Graham, J., Koleva, S., Stevens, S. T., & Dehghani, M. (2023). Morality beyond the WEIRD: How the nomological network of morality varies across cultures. Journal of Personality and Social Psychology, 125(5), 1157–1188. https://doi.org/10.1037/pspp0000470",1,Caring for people who have suffered is an important virtue.,False,needs_verification,,,
Care (MFQ-2),mfq_2_care,Moral foundations,"Atari, M., Haidt, J., Graham, J., Koleva, S., Stevens, S. T., & Dehghani, M. (2023). Morality beyond the WEIRD: How the nomological network of morality varies across cultures. Journal of Personality and Social Psychology, 125(5), 1157–1188. https://doi.org/10.1037/pspp0000470",2,I believe that compassion for those who are suffering is one of the most crucial virtues.,False,needs_verification,,,
Care (MFQ-2),mfq_2_care,Moral foundations,"Atari, M., Haidt, J., Graham, J., Koleva, S., Stevens, S. T., & Dehghani, M. (2023). Morality beyond the WEIRD: How the nomological network of morality varies across cultures. Journal of Personality and Social Psychology, 125(5), 1157–1188. https://doi.org/10.1037/pspp0000470",3,We should all care for people who are in emotional pain.,False,needs_verification,,,
Care (MFQ-2),mfq_2_care,Moral foundations,"Atari, M., Haidt, J., Graham, J., Koleva, S., Stevens, S. T., & Dehghani, M. (2023). Morality beyond the WEIRD: How the nomological network of morality varies across cultures. Journal of Personality and Social Psychology, 125(5), 1157–1188. https://doi.org/10.1037/pspp0000470",4,I am empathetic toward those people who have suffered in their lives.,False,needs_verification,,,
Care (MFQ-2),mfq_2_care,Moral foundations,"Atari, M., Haidt, J., Graham, J., Koleva, S., Stevens, S. T., & Dehghani, M. (2023). Morality beyond the WEIRD: How the nomological network of morality varies across cultures. Journal of Personality and Social Psychology, 125(5), 1157–1188. https://doi.org/10.1037/pspp0000470",5,Everyone should try to comfort people who are going through something hard.,False,needs_verification,,,
Care (MFQ-2),mfq_2_care,Moral foundations,"Atari, M., Haidt, J., Graham, J., Koleva, S., Stevens, S. T., & Dehghani, M. (2023). Morality beyond the WEIRD: How the nomological network of morality varies across cultures. Journal of Personality and Social Psychology, 125(5), 1157–1188. https://doi.org/10.1037/pspp0000470",6,It pains me when I see someone ignoring the needs of another human being.,False,needs_verification,,,
Equality (MFQ-2),mfq_2_equality,Moral foundations,"Atari, M., Haidt, J., Graham, J., Koleva, S., Stevens, S. T., & Dehghani, M. (2023). Morality beyond the WEIRD: How the nomological network of morality varies across cultures. Journal of Personality and Social Psychology, 125(5), 1157–1188. https://doi.org/10.1037/pspp0000470",1,The world would be a better place if everyone made the same amount of money.,False,needs_verification,,,
Equality (MFQ-2),mfq_2_equality,Moral foundations,"Atari, M., Haidt, J., Graham, J., Koleva, S., Stevens, S. T., & Dehghani, M. (2023). Morality beyond the WEIRD: How the nomological network of morality varies across cultures. Journal of Personality and Social Psychology, 125(5), 1157–1188. https://doi.org/10.1037/pspp0000470",2,Our society would have fewer problems if people had the same income.,False,needs_verification,,,
Equality (MFQ-2),mfq_2_equality,Moral foundations,"Atari, M., Haidt, J., Graham, J., Koleva, S., Stevens, S. T., & Dehghani, M. (2023). Morality beyond the WEIRD: How the nomological network of morality varies across cultures. Journal of Personality and Social Psychology, 125(5), 1157–1188. https://doi.org/10.1037/pspp0000470",3,I believe that everyone should be given the same quantity of resources in life.,False,needs_verification,,,
Equality (MFQ-2),mfq_2_equality,Moral foundations,"Atari, M., Haidt, J., Graham, J., Koleva, S., Stevens, S. T., & Dehghani, M. (2023). Morality beyond the WEIRD: How the nomological network of morality varies across cultures. Journal of Personality and Social Psychology, 125(5), 1157–1188. https://doi.org/10.1037/pspp0000470",4,I believe it would be ideal if everyone in society wound up with roughly the same amount of money.,False,needs_verification,,,
Equality (MFQ-2),mfq_2_equality,Moral foundations,"Atari, M., Haidt, J., Graham, J., Koleva, S., Stevens, S. T., & Dehghani, M. (2023). Morality beyond the WEIRD: How the nomological network of morality varies across cultures. Journal of Personality and Social Psychology, 125(5), 1157–1188. https://doi.org/10.1037/pspp0000470",5,"When people work together toward a common goal, they should share the rewards equally, even if some worked harder on it.",False,needs_verification,,,
Equality (MFQ-2),mfq_2_equality,Moral foundations,"Atari, M., Haidt, J., Graham, J., Koleva, S., Stevens, S. T., & Dehghani, M. (2023). Morality beyond the WEIRD: How the nomological network of morality varies across cultures. Journal of Personality and Social Psychology, 125(5), 1157–1188. https://doi.org/10.1037/pspp0000470",6,I get upset when some people have a lot more money than others in my country.,False,needs_verification,,,
Loyalty (MFQ-2),mfq_2_loyalty,Moral foundations,"Atari, M., Haidt, J., Graham, J., Koleva, S., Stevens, S. T., & Dehghani, M. (2023). Morality beyond the WEIRD: How the nomological network of morality varies across cultures. Journal of Personality and Social Psychology, 125(5), 1157–1188. https://doi.org/10.1037/pspp0000470",1,I think children should be taught to be loyal to their country.,False,needs_verification,,,
Loyalty (MFQ-2),mfq_2_loyalty,Moral foundations,"Atari, M., Haidt, J., Graham, J., Koleva, S., Stevens, S. T., & Dehghani, M. (2023). Morality beyond the WEIRD: How the nomological network of morality varies across cultures. Journal of Personality and Social Psychology, 125(5), 1157–1188. https://doi.org/10.1037/pspp0000470",2,It upsets me when people have no loyalty to their country.,False,needs_verification,,,
Loyalty (MFQ-2),mfq_2_loyalty,Moral foundations,"Atari, M., Haidt, J., Graham, J., Koleva, S., Stevens, S. T., & Dehghani, M. (2023). Morality beyond the WEIRD: How the nomological network of morality varies across cultures. Journal of Personality and Social Psychology, 125(5), 1157–1188. https://doi.org/10.1037/pspp0000470",3,Everyone should love their own community.,False,needs_verification,,,
Loyalty (MFQ-2),mfq_2_loyalty,Moral foundations,"Atari, M., Haidt, J., Graham, J., Koleva, S., Stevens, S. T., & Dehghani, M. (2023). Morality beyond the WEIRD: How the nomological network of morality varies across cultures. Journal of Personality and Social Psychology, 125(5), 1157–1188. https://doi.org/10.1037/pspp0000470",4,"Everyone should defend their country, if called upon.",False,needs_verification,,,
Loyalty (MFQ-2),mfq_2_loyalty,Moral foundations,"Atari, M., Haidt, J., Graham, J., Koleva, S., Stevens, S. T., & Dehghani, M. (2023). Morality beyond the WEIRD: How the nomological network of morality varies across cultures. Journal of Personality and Social Psychology, 125(5), 1157–1188. https://doi.org/10.1037/pspp0000470",5,Everyone should feel proud when a person in their community wins in an international competition.,False,needs_verification,,,
Loyalty (MFQ-2),mfq_2_loyalty,Moral foundations,"Atari, M., Haidt, J., Graham, J., Koleva, S., Stevens, S. T., & Dehghani, M. (2023). Morality beyond the WEIRD: How the nomological network of morality varies across cultures. Journal of Personality and Social Psychology, 125(5), 1157–1188. https://doi.org/10.1037/pspp0000470",6,I believe the strength of a sports team comes from the loyalty of its members to each other.,False,needs_verification,,,
Proportionality (MFQ-2),mfq_2_proportionality,Moral foundations,"Atari, M., Haidt, J., Graham, J., Koleva, S., Stevens, S. T., & Dehghani, M. (2023). Morality beyond the WEIRD: How the nomological network of morality varies across cultures. Journal of Personality and Social Psychology, 125(5), 1157–1188. https://doi.org/10.1037/pspp0000470",1,I think people who are more hard-working should end up with more money.,False,needs_verification,,,
Proportionality (MFQ-2),mfq_2_proportionality,Moral foundations,"Atari, M., Haidt, J., Graham, J., Koleva, S., Stevens, S. T., & Dehghani, M. (2023). Morality beyond the WEIRD: How the nomological network of morality varies across cultures. Journal of Personality and Social Psychology, 125(5), 1157–1188. https://doi.org/10.1037/pspp0000470",2,I think people should be rewarded in proportion to what they contribute.,False,needs_verification,,,
Proportionality (MFQ-2),mfq_2_proportionality,Moral foundations,"Atari, M., Haidt, J., Graham, J., Koleva, S., Stevens, S. T., & Dehghani, M. (2023). Morality beyond the WEIRD: How the nomological network of morality varies across cultures. Journal of Personality and Social Psychology, 125(5), 1157–1188. https://doi.org/10.1037/pspp0000470",3,The effort a worker puts into a job ought to be reflected in the size of a raise they receive.,False,needs_verification,,,
Proportionality (MFQ-2),mfq_2_proportionality,Moral foundations,"Atari, M., Haidt, J., Graham, J., Koleva, S., Stevens, S. T., & Dehghani, M. (2023). Morality beyond the WEIRD: How the nomological network of morality varies across cultures. Journal of Personality and Social Psychology, 125(5), 1157–1188. https://doi.org/10.1037/pspp0000470",4,It makes me happy when people are recognized on their merits.,False,needs_verification,,,
Proportionality (MFQ-2),mfq_2_proportionality,Moral foundations,"Atari, M., Haidt, J., Graham, J., Koleva, S., Stevens, S. T., & Dehghani, M. (2023). Morality beyond the WEIRD: How the nomological network of morality varies across cultures. Journal of Personality and Social Psychology, 125(5), 1157–1188. https://doi.org/10.1037/pspp0000470",5,"In a fair society, those who work hard should live with higher standards of living.",False,needs_verification,,,
Proportionality (MFQ-2),mfq_2_proportionality,Moral foundations,"Atari, M., Haidt, J., Graham, J., Koleva, S., Stevens, S. T., & Dehghani, M. (2023). Morality beyond the WEIRD: How the nomological network of morality varies across cultures. Journal of Personality and Social Psychology, 125(5), 1157–1188. https://doi.org/10.1037/pspp0000470",6,I feel good when I see cheaters get caught and punished.,False,needs_verification,,,
Purity (MFQ-2),mfq_2_purity,Moral foundations,"Atari, M., Haidt, J., Graham, J., Koleva, S., Stevens, S. T., & Dehghani, M. (2023). Morality beyond the WEIRD: How the nomological network of morality varies across cultures. Journal of Personality and Social Psychology, 125(5), 1157–1188. https://doi.org/10.1037/pspp0000470",1,"I think the human body should be treated like a temple, housing something sacred within.",False,needs_verification,,,
Purity (MFQ-2),mfq_2_purity,Moral foundations,"Atari, M., Haidt, J., Graham, J., Koleva, S., Stevens, S. T., & Dehghani, M. (2023). Morality beyond the WEIRD: How the nomological network of morality varies across cultures. Journal of Personality and Social Psychology, 125(5), 1157–1188. https://doi.org/10.1037/pspp0000470",2,I believe chastity is an important virtue.,False,needs_verification,,,
Purity (MFQ-2),mfq_2_purity,Moral foundations,"Atari, M., Haidt, J., Graham, J., Koleva, S., Stevens, S. T., & Dehghani, M. (2023). Morality beyond the WEIRD: How the nomological network of morality varies across cultures. Journal of Personality and Social Psychology, 125(5), 1157–1188. https://doi.org/10.1037/pspp0000470",3,It upsets me when people use foul language like it is nothing.,False,needs_verification,,,
Purity (MFQ-2),mfq_2_purity,Moral foundations,"Atari, M., Haidt, J., Graham, J., Koleva, S., Stevens, S. T., & Dehghani, M. (2023). Morality beyond the WEIRD: How the nomological network of morality varies across cultures. Journal of Personality and Social Psychology, 125(5), 1157–1188. https://doi.org/10.1037/pspp0000470",4,"If I found out that an acquaintance had an unusual but harmless sexual fetish, I would feel uneasy about them.",False,needs_verification,,,
Purity (MFQ-2),mfq_2_purity,Moral foundations,"Atari, M., Haidt, J., Graham, J., Koleva, S., Stevens, S. T., & Dehghani, M. (2023). Morality beyond the WEIRD: How the nomological network of morality varies across cultures. Journal of Personality and Social Psychology, 125(5), 1157–1188. https://doi.org/10.1037/pspp0000470",5,People should try to use natural medicines rather than chemically identical human-made ones.,False,needs_verification,,,
Purity (MFQ-2),mfq_2_purity,Moral foundations,"Atari, M., Haidt, J., Graham, J., Koleva, S., Stevens, S. T., & Dehghani, M. (2023). Morality beyond the WEIRD: How the nomological network of morality varies across cultures. Journal of Personality and Social Psychology, 125(5), 1157–1188. https://doi.org/10.1037/pspp0000470",6,I admire people who keep their virginity until marriage.,False,needs_verification,,,
Moral Foundations - Care,mfq_care,moral-foundations,"Graham, J., Nosek, B. A., Haidt, J., Iyer, R., Koleva, S., & Ditto, P. H. (2011). Mapping the moral domain. JPSP, 101(2).",1,Compassion for those who are suffering is the most crucial virtue.,False,needs_verification,,,
Moral Foundations - Care,mfq_care,moral-foundations,"Graham, J., Nosek, B. A., Haidt, J., Iyer, R., Koleva, S., & Ditto, P. H. (2011). Mapping the moral domain. JPSP, 101(2).",2,One of the worst things a person could do is hurt a defenseless animal.,False,needs_verification,,,
Moral Foundations - Care,mfq_care,moral-foundations,"Graham, J., Nosek, B. A., Haidt, J., Iyer, R., Koleva, S., & Ditto, P. H. (2011). Mapping the moral domain. JPSP, 101(2).",3,Whether or not someone suffered emotionally.,False,needs_verification,,,
Moral Foundations - Care,mfq_care,moral-foundations,"Graham, J., Nosek, B. A., Haidt, J., Iyer, R., Koleva, S., & Ditto, P. H. (2011). Mapping the moral domain. JPSP, 101(2).",4,Whether or not someone cared for someone weak or vulnerable.,False,needs_verification,,,
Moral Foundations - Fairness,mfq_fairness,moral-foundations,"Graham, J., Nosek, B. A., Haidt, J., Iyer, R., Koleva, S., & Ditto, P. H. (2011). Mapping the moral domain. JPSP, 101(2).",1,Justice is the most important requirement for a society.,False,needs_verification,,,
Moral Foundations - Fairness,mfq_fairness,moral-foundations,"Graham, J., Nosek, B. A., Haidt, J., Iyer, R., Koleva, S., & Ditto, P. H. (2011). Mapping the moral domain. JPSP, 101(2).",2,"When the government makes laws, the number one principle should be ensuring that everyone is treated fairly.",False,needs_verification,,,
Moral Foundations - Fairness,mfq_fairness,moral-foundations,"Graham, J., Nosek, B. A., Haidt, J., Iyer, R., Koleva, S., & Ditto, P. H. (2011). Mapping the moral domain. JPSP, 101(2).",3,Whether or not some people were treated differently than others.,False,needs_verification,,,
Moral Foundations - Fairness,mfq_fairness,moral-foundations,"Graham, J., Nosek, B. A., Haidt, J., Iyer, R., Koleva, S., & Ditto, P. H. (2011). Mapping the moral domain. JPSP, 101(2).",4,Whether or not someone acted unfairly.,False,needs_verification,,,
Presence (MLQ),mlq_presence,Meaning in life,"Steger, M. F., Frazier, P., Oishi, S., & Kaler, M. (2006). The Meaning in Life Questionnaire: Assessing the presence of and search for meaning in life. Journal of Counseling Psychology, 53(1), 80–93. https://doi.org/10.1037/0022-0167.53.1.80",1,I understand my life's meaning.,False,needs_verification,,,
Presence (MLQ),mlq_presence,Meaning in life,"Steger, M. F., Frazier, P., Oishi, S., & Kaler, M. (2006). The Meaning in Life Questionnaire: Assessing the presence of and search for meaning in life. Journal of Counseling Psychology, 53(1), 80–93. https://doi.org/10.1037/0022-0167.53.1.80",2,My life has a clear sense of purpose.,False,needs_verification,,,
Presence (MLQ),mlq_presence,Meaning in life,"Steger, M. F., Frazier, P., Oishi, S., & Kaler, M. (2006). The Meaning in Life Questionnaire: Assessing the presence of and search for meaning in life. Journal of Counseling Psychology, 53(1), 80–93. https://doi.org/10.1037/0022-0167.53.1.80",3,I have a good sense of what makes my life meaningful.,False,needs_verification,,,
Presence (MLQ),mlq_presence,Meaning in life,"Steger, M. F., Frazier, P., Oishi, S., & Kaler, M. (2006). The Meaning in Life Questionnaire: Assessing the presence of and search for meaning in life. Journal of Counseling Psychology, 53(1), 80–93. https://doi.org/10.1037/0022-0167.53.1.80",4,I have discovered a satisfying life purpose.,False,needs_verification,,,
Presence (MLQ),mlq_presence,Meaning in life,"Steger, M. F., Frazier, P., Oishi, S., & Kaler, M. (2006). The Meaning in Life Questionnaire: Assessing the presence of and search for meaning in life. Journal of Counseling Psychology, 53(1), 80–93. https://doi.org/10.1037/0022-0167.53.1.80",5,My life has no clear purpose.,True,needs_verification,,,
Search (MLQ),mlq_search,Meaning in life,"Steger, M. F., Frazier, P., Oishi, S., & Kaler, M. (2006). The Meaning in Life Questionnaire: Assessing the presence of and search for meaning in life. Journal of Counseling Psychology, 53(1), 80–93. https://doi.org/10.1037/0022-0167.53.1.80",1,I am looking for something that makes my life feel meaningful.,False,needs_verification,,,
Search (MLQ),mlq_search,Meaning in life,"Steger, M. F., Frazier, P., Oishi, S., & Kaler, M. (2006). The Meaning in Life Questionnaire: Assessing the presence of and search for meaning in life. Journal of Counseling Psychology, 53(1), 80–93. https://doi.org/10.1037/0022-0167.53.1.80",2,I am always looking to find my life's purpose.,False,needs_verification,,,
Search (MLQ),mlq_search,Meaning in life,"Steger, M. F., Frazier, P., Oishi, S., & Kaler, M. (2006). The Meaning in Life Questionnaire: Assessing the presence of and search for meaning in life. Journal of Counseling Psychology, 53(1), 80–93. https://doi.org/10.1037/0022-0167.53.1.80",3,I am always searching for something that makes my life feel significant.,False,needs_verification,,,
Search (MLQ),mlq_search,Meaning in life,"Steger, M. F., Frazier, P., Oishi, S., & Kaler, M. (2006). The Meaning in Life Questionnaire: Assessing the presence of and search for meaning in life. Journal of Counseling Psychology, 53(1), 80–93. https://doi.org/10.1037/0022-0167.53.1.80",4,I am seeking a purpose or mission for my life.,False,needs_verification,,,
Search (MLQ),mlq_search,Meaning in life,"Steger, M. F., Frazier, P., Oishi, S., & Kaler, M. (2006). The Meaning in Life Questionnaire: Assessing the presence of and search for meaning in life. Journal of Counseling Psychology, 53(1), 80–93. https://doi.org/10.1037/0022-0167.53.1.80",5,I am searching for meaning in my life.,False,needs_verification,,,
Family (MSPSS),mspss_family,Perceived social support,"Zimet, G. D., Dahlem, N. W., Zimet, S. G., & Farley, G. K. (1988). The Multidimensional Scale of Perceived Social Support. Journal of Personality Assessment, 52(1), 30–41. https://doi.org/10.1207/s15327752jpa5201_2",1,My family really tries to help me.,False,needs_verification,,,
Family (MSPSS),mspss_family,Perceived social support,"Zimet, G. D., Dahlem, N. W., Zimet, S. G., & Farley, G. K. (1988). The Multidimensional Scale of Perceived Social Support. Journal of Personality Assessment, 52(1), 30–41. https://doi.org/10.1207/s15327752jpa5201_2",2,I get the emotional help and support I need from my family.,False,needs_verification,,,
Family (MSPSS),mspss_family,Perceived social support,"Zimet, G. D., Dahlem, N. W., Zimet, S. G., & Farley, G. K. (1988). The Multidimensional Scale of Perceived Social Support. Journal of Personality Assessment, 52(1), 30–41. https://doi.org/10.1207/s15327752jpa5201_2",3,I can talk about my problems with my family.,False,needs_verification,,,
Family (MSPSS),mspss_family,Perceived social support,"Zimet, G. D., Dahlem, N. W., Zimet, S. G., & Farley, G. K. (1988). The Multidimensional Scale of Perceived Social Support. Journal of Personality Assessment, 52(1), 30–41. https://doi.org/10.1207/s15327752jpa5201_2",4,My family is willing to help me make decisions.,False,needs_verification,,,
Friends (MSPSS),mspss_friends,Perceived social support,"Zimet, G. D., Dahlem, N. W., Zimet, S. G., & Farley, G. K. (1988). The Multidimensional Scale of Perceived Social Support. Journal of Personality Assessment, 52(1), 30–41. https://doi.org/10.1207/s15327752jpa5201_2",1,My friends really try to help me.,False,needs_verification,,,
Friends (MSPSS),mspss_friends,Perceived social support,"Zimet, G. D., Dahlem, N. W., Zimet, S. G., & Farley, G. K. (1988). The Multidimensional Scale of Perceived Social Support. Journal of Personality Assessment, 52(1), 30–41. https://doi.org/10.1207/s15327752jpa5201_2",2,I can count on my friends when things go wrong.,False,needs_verification,,,
Friends (MSPSS),mspss_friends,Perceived social support,"Zimet, G. D., Dahlem, N. W., Zimet, S. G., & Farley, G. K. (1988). The Multidimensional Scale of Perceived Social Support. Journal of Personality Assessment, 52(1), 30–41. https://doi.org/10.1207/s15327752jpa5201_2",3,I have friends with whom I can share my joys and sorrows.,False,needs_verification,,,
Friends (MSPSS),mspss_friends,Perceived social support,"Zimet, G. D., Dahlem, N. W., Zimet, S. G., & Farley, G. K. (1988). The Multidimensional Scale of Perceived Social Support. Journal of Personality Assessment, 52(1), 30–41. https://doi.org/10.1207/s15327752jpa5201_2",4,I can talk about my problems with my friends.,False,needs_verification,,,
Significant other (MSPSS),mspss_significant_other,Perceived social support,"Zimet, G. D., Dahlem, N. W., Zimet, S. G., & Farley, G. K. (1988). The Multidimensional Scale of Perceived Social Support. Journal of Personality Assessment, 52(1), 30–41. https://doi.org/10.1207/s15327752jpa5201_2",1,There is a special person who is around when I am in need.,False,needs_verification,,,
Significant other (MSPSS),mspss_significant_other,Perceived social support,"Zimet, G. D., Dahlem, N. W., Zimet, S. G., & Farley, G. K. (1988). The Multidimensional Scale of Perceived Social Support. Journal of Personality Assessment, 52(1), 30–41. https://doi.org/10.1207/s15327752jpa5201_2",2,There is a special person with whom I can share my joys and sorrows.,False,needs_verification,,,
Significant other (MSPSS),mspss_significant_other,Perceived social support,"Zimet, G. D., Dahlem, N. W., Zimet, S. G., & Farley, G. K. (1988). The Multidimensional Scale of Perceived Social Support. Journal of Personality Assessment, 52(1), 30–41. https://doi.org/10.1207/s15327752jpa5201_2",3,I have a special person who is a real source of comfort to me.,False,needs_verification,,,
Significant other (MSPSS),mspss_significant_other,Perceived social support,"Zimet, G. D., Dahlem, N. W., Zimet, S. G., & Farley, G. K. (1988). The Multidimensional Scale of Perceived Social Support. Journal of Personality Assessment, 52(1), 30–41. https://doi.org/10.1207/s15327752jpa5201_2",4,There is a special person in my life who cares about my feelings.,False,needs_verification,,,
"Need for Cognition Scale, 18-item short form",need_for_cognition_scale_18_item_short_form,Need for cognition,"Cacioppo, J. T., Petty, R. E., & Kao, C. F. (1984). The efficient assessment of need for cognition. Journal of Personality Assessment, 48(3), 306–307. https://doi.org/10.1207/s15327752jpa4803_13",1,I would prefer complex to simple problems.,False,needs_verification,,,
"Need for Cognition Scale, 18-item short form",need_for_cognition_scale_18_item_short_form,Need for cognition,"Cacioppo, J. T., Petty, R. E., & Kao, C. F. (1984). The efficient assessment of need for cognition. Journal of Personality Assessment, 48(3), 306–307. https://doi.org/10.1207/s15327752jpa4803_13",2,I like to have the responsibility of handling a situation that requires a lot of thinking.,False,needs_verification,,,
"Need for Cognition Scale, 18-item short form",need_for_cognition_scale_18_item_short_form,Need for cognition,"Cacioppo, J. T., Petty, R. E., & Kao, C. F. (1984). The efficient assessment of need for cognition. Journal of Personality Assessment, 48(3), 306–307. https://doi.org/10.1207/s15327752jpa4803_13",3,Thinking is not my idea of fun.,False,needs_verification,,,
"Need for Cognition Scale, 18-item short form",need_for_cognition_scale_18_item_short_form,Need for cognition,"Cacioppo, J. T., Petty, R. E., & Kao, C. F. (1984). The efficient assessment of need for cognition. Journal of Personality Assessment, 48(3), 306–307. https://doi.org/10.1207/s15327752jpa4803_13",4,I would rather do something that requires little thought than something that is sure to challenge my thinking abilities.,False,needs_verification,,,
"Need for Cognition Scale, 18-item short form",need_for_cognition_scale_18_item_short_form,Need for cognition,"Cacioppo, J. T., Petty, R. E., & Kao, C. F. (1984). The efficient assessment of need for cognition. Journal of Personality Assessment, 48(3), 306–307. https://doi.org/10.1207/s15327752jpa4803_13",5,I try to anticipate and avoid situations where there is likely a chance I will have to think in depth about something.,False,needs_verification,,,
"Need for Cognition Scale, 18-item short form",need_for_cognition_scale_18_item_short_form,Need for cognition,"Cacioppo, J. T., Petty, R. E., & Kao, C. F. (1984). The efficient assessment of need for cognition. Journal of Personality Assessment, 48(3), 306–307. https://doi.org/10.1207/s15327752jpa4803_13",6,I find satisfaction in deliberating hard and for long hours.,False,needs_verification,,,
"Need for Cognition Scale, 18-item short form",need_for_cognition_scale_18_item_short_form,Need for cognition,"Cacioppo, J. T., Petty, R. E., & Kao, C. F. (1984). The efficient assessment of need for cognition. Journal of Personality Assessment, 48(3), 306–307. https://doi.org/10.1207/s15327752jpa4803_13",7,I only think as hard as I have to.,False,needs_verification,,,
"Need for Cognition Scale, 18-item short form",need_for_cognition_scale_18_item_short_form,Need for cognition,"Cacioppo, J. T., Petty, R. E., & Kao, C. F. (1984). The efficient assessment of need for cognition. Journal of Personality Assessment, 48(3), 306–307. https://doi.org/10.1207/s15327752jpa4803_13",8,"I prefer to think about small, daily projects to long-term ones.",False,needs_verification,,,
"Need for Cognition Scale, 18-item short form",need_for_cognition_scale_18_item_short_form,Need for cognition,"Cacioppo, J. T., Petty, R. E., & Kao, C. F. (1984). The efficient assessment of need for cognition. Journal of Personality Assessment, 48(3), 306–307. https://doi.org/10.1207/s15327752jpa4803_13",9,I like tasks that require little thought once I've learned them.,False,needs_verification,,,
"Need for Cognition Scale, 18-item short form",need_for_cognition_scale_18_item_short_form,Need for cognition,"Cacioppo, J. T., Petty, R. E., & Kao, C. F. (1984). The efficient assessment of need for cognition. Journal of Personality Assessment, 48(3), 306–307. https://doi.org/10.1207/s15327752jpa4803_13",10,The idea of relying on thought to make my way to the top appeals to me.,False,needs_verification,,,
"Need for Cognition Scale, 18-item short form",need_for_cognition_scale_18_item_short_form,Need for cognition,"Cacioppo, J. T., Petty, R. E., & Kao, C. F. (1984). The efficient assessment of need for cognition. Journal of Personality Assessment, 48(3), 306–307. https://doi.org/10.1207/s15327752jpa4803_13",11,I really enjoy a task that involves coming up with new solutions to problems.,False,needs_verification,,,
"Need for Cognition Scale, 18-item short form",need_for_cognition_scale_18_item_short_form,Need for cognition,"Cacioppo, J. T., Petty, R. E., & Kao, C. F. (1984). The efficient assessment of need for cognition. Journal of Personality Assessment, 48(3), 306–307. https://doi.org/10.1207/s15327752jpa4803_13",12,Learning new ways to think doesn't excite me very much.,False,needs_verification,,,
"Need for Cognition Scale, 18-item short form",need_for_cognition_scale_18_item_short_form,Need for cognition,"Cacioppo, J. T., Petty, R. E., & Kao, C. F. (1984). The efficient assessment of need for cognition. Journal of Personality Assessment, 48(3), 306–307. https://doi.org/10.1207/s15327752jpa4803_13",13,I prefer my life to be filled with puzzles that I must solve.,False,needs_verification,,,
"Need for Cognition Scale, 18-item short form",need_for_cognition_scale_18_item_short_form,Need for cognition,"Cacioppo, J. T., Petty, R. E., & Kao, C. F. (1984). The efficient assessment of need for cognition. Journal of Personality Assessment, 48(3), 306–307. https://doi.org/10.1207/s15327752jpa4803_13",14,The notion of thinking abstractly is appealing to me.,False,needs_verification,,,
"Need for Cognition Scale, 18-item short form",need_for_cognition_scale_18_item_short_form,Need for cognition,"Cacioppo, J. T., Petty, R. E., & Kao, C. F. (1984). The efficient assessment of need for cognition. Journal of Personality Assessment, 48(3), 306–307. https://doi.org/10.1207/s15327752jpa4803_13",15,"I would prefer a task that is intellectual, difficult, and important to one that is somewhat important but does not require much thought.",False,needs_verification,,,
"Need for Cognition Scale, 18-item short form",need_for_cognition_scale_18_item_short_form,Need for cognition,"Cacioppo, J. T., Petty, R. E., & Kao, C. F. (1984). The efficient assessment of need for cognition. Journal of Personality Assessment, 48(3), 306–307. https://doi.org/10.1207/s15327752jpa4803_13",16,I feel relief rather than satisfaction after completing a task that required a lot of mental effort.,False,needs_verification,,,
"Need for Cognition Scale, 18-item short form",need_for_cognition_scale_18_item_short_form,Need for cognition,"Cacioppo, J. T., Petty, R. E., & Kao, C. F. (1984). The efficient assessment of need for cognition. Journal of Personality Assessment, 48(3), 306–307. https://doi.org/10.1207/s15327752jpa4803_13",17,It's enough for me that something gets the job done; I don't care how or why it works.,False,needs_verification,,,
"Need for Cognition Scale, 18-item short form",need_for_cognition_scale_18_item_short_form,Need for cognition,"Cacioppo, J. T., Petty, R. E., & Kao, C. F. (1984). The efficient assessment of need for cognition. Journal of Personality Assessment, 48(3), 306–307. https://doi.org/10.1207/s15327752jpa4803_13",18,I usually end up deliberating about issues even when they do not affect me personally.,False,needs_verification,,,
Need to Belong Scale,need_to_belong_scale,Need to belong,"Leary, M. R., Kelly, K. M., Cottrell, C. A., & Schreindorfer, L. S. (2013). Construct validity of the Need to Belong Scale: Mapping the nomological network. Journal of Personality Assessment, 95(6), 610–624. https://doi.org/10.1080/00223891.2013.819511",1,"If other people don’t seem to accept me, I don’t let it bother me.",False,needs_verification,,,
Need to Belong Scale,need_to_belong_scale,Need to belong,"Leary, M. R., Kelly, K. M., Cottrell, C. A., & Schreindorfer, L. S. (2013). Construct validity of the Need to Belong Scale: Mapping the nomological network. Journal of Personality Assessment, 95(6), 610–624. https://doi.org/10.1080/00223891.2013.819511",2,I try hard not to do things that will make other people avoid or reject me.,False,needs_verification,,,
Need to Belong Scale,need_to_belong_scale,Need to belong,"Leary, M. R., Kelly, K. M., Cottrell, C. A., & Schreindorfer, L. S. (2013). Construct validity of the Need to Belong Scale: Mapping the nomological network. Journal of Personality Assessment, 95(6), 610–624. https://doi.org/10.1080/00223891.2013.819511",3,I seldom worry about whether other people care about me.,False,needs_verification,,,
Need to Belong Scale,need_to_belong_scale,Need to belong,"Leary, M. R., Kelly, K. M., Cottrell, C. A., & Schreindorfer, L. S. (2013). Construct validity of the Need to Belong Scale: Mapping the nomological network. Journal of Personality Assessment, 95(6), 610–624. https://doi.org/10.1080/00223891.2013.819511",4,I need to feel that there are people I can turn to in times of need.,False,needs_verification,,,
Need to Belong Scale,need_to_belong_scale,Need to belong,"Leary, M. R., Kelly, K. M., Cottrell, C. A., & Schreindorfer, L. S. (2013). Construct validity of the Need to Belong Scale: Mapping the nomological network. Journal of Personality Assessment, 95(6), 610–624. https://doi.org/10.1080/00223891.2013.819511",5,I want other people to accept me.,False,needs_verification,,,
Need to Belong Scale,need_to_belong_scale,Need to belong,"Leary, M. R., Kelly, K. M., Cottrell, C. A., & Schreindorfer, L. S. (2013). Construct validity of the Need to Belong Scale: Mapping the nomological network. Journal of Personality Assessment, 95(6), 610–624. https://doi.org/10.1080/00223891.2013.819511",6,I do not like being alone.,False,needs_verification,,,
Need to Belong Scale,need_to_belong_scale,Need to belong,"Leary, M. R., Kelly, K. M., Cottrell, C. A., & Schreindorfer, L. S. (2013). Construct validity of the Need to Belong Scale: Mapping the nomological network. Journal of Personality Assessment, 95(6), 610–624. https://doi.org/10.1080/00223891.2013.819511",7,Being apart from my friends for long periods of time does not bother me.,False,needs_verification,,,
Need to Belong Scale,need_to_belong_scale,Need to belong,"Leary, M. R., Kelly, K. M., Cottrell, C. A., & Schreindorfer, L. S. (2013). Construct validity of the Need to Belong Scale: Mapping the nomological network. Journal of Personality Assessment, 95(6), 610–624. https://doi.org/10.1080/00223891.2013.819511",8,I have a strong need to belong.,False,needs_verification,,,
Need to Belong Scale,need_to_belong_scale,Need to belong,"Leary, M. R., Kelly, K. M., Cottrell, C. A., & Schreindorfer, L. S. (2013). Construct validity of the Need to Belong Scale: Mapping the nomological network. Journal of Personality Assessment, 95(6), 610–624. https://doi.org/10.1080/00223891.2013.819511",9,It bothers me a great deal when I am not included in other people’s plans.,False,needs_verification,,,
Need to Belong Scale,need_to_belong_scale,Need to belong,"Leary, M. R., Kelly, K. M., Cottrell, C. A., & Schreindorfer, L. S. (2013). Construct validity of the Need to Belong Scale: Mapping the nomological network. Journal of Personality Assessment, 95(6), 610–624. https://doi.org/10.1080/00223891.2013.819511",10,My feelings are easily hurt when I feel that others do not accept me.,False,needs_verification,,,
Negative affect (PANAS),panas_negative_affect,Positive and negative affect,"Watson, D., Clark, L. A., & Tellegen, A. (1988). Development and validation of brief measures of positive and negative affect: The PANAS scales. Journal of Personality and Social Psychology, 54(6), 1063–1070. https://doi.org/10.1037/0022-3514.54.6.1063",1,Distressed,False,needs_verification,,,
Negative affect (PANAS),panas_negative_affect,Positive and negative affect,"Watson, D., Clark, L. A., & Tellegen, A. (1988). Development and validation of brief measures of positive and negative affect: The PANAS scales. Journal of Personality and Social Psychology, 54(6), 1063–1070. https://doi.org/10.1037/0022-3514.54.6.1063",2,Upset,False,needs_verification,,,
Negative affect (PANAS),panas_negative_affect,Positive and negative affect,"Watson, D., Clark, L. A., & Tellegen, A. (1988). Development and validation of brief measures of positive and negative affect: The PANAS scales. Journal of Personality and Social Psychology, 54(6), 1063–1070. https://doi.org/10.1037/0022-3514.54.6.1063",3,Guilty,False,needs_verification,,,
Negative affect (PANAS),panas_negative_affect,Positive and negative affect,"Watson, D., Clark, L. A., & Tellegen, A. (1988). Development and validation of brief measures of positive and negative affect: The PANAS scales. Journal of Personality and Social Psychology, 54(6), 1063–1070. https://doi.org/10.1037/0022-3514.54.6.1063",4,Scared,False,needs_verification,,,
Negative affect (PANAS),panas_negative_affect,Positive and negative affect,"Watson, D., Clark, L. A., & Tellegen, A. (1988). Development and validation of brief measures of positive and negative affect: The PANAS scales. Journal of Personality and Social Psychology, 54(6), 1063–1070. https://doi.org/10.1037/0022-3514.54.6.1063",5,Hostile,False,needs_verification,,,
Negative affect (PANAS),panas_negative_affect,Positive and negative affect,"Watson, D., Clark, L. A., & Tellegen, A. (1988). Development and validation of brief measures of positive and negative affect: The PANAS scales. Journal of Personality and Social Psychology, 54(6), 1063–1070. https://doi.org/10.1037/0022-3514.54.6.1063",6,Irritable,False,needs_verification,,,
Negative affect (PANAS),panas_negative_affect,Positive and negative affect,"Watson, D., Clark, L. A., & Tellegen, A. (1988). Development and validation of brief measures of positive and negative affect: The PANAS scales. Journal of Personality and Social Psychology, 54(6), 1063–1070. https://doi.org/10.1037/0022-3514.54.6.1063",7,Ashamed,False,needs_verification,,,
Negative affect (PANAS),panas_negative_affect,Positive and negative affect,"Watson, D., Clark, L. A., & Tellegen, A. (1988). Development and validation of brief measures of positive and negative affect: The PANAS scales. Journal of Personality and Social Psychology, 54(6), 1063–1070. https://doi.org/10.1037/0022-3514.54.6.1063",8,Nervous,False,needs_verification,,,
Negative affect (PANAS),panas_negative_affect,Positive and negative affect,"Watson, D., Clark, L. A., & Tellegen, A. (1988). Development and validation of brief measures of positive and negative affect: The PANAS scales. Journal of Personality and Social Psychology, 54(6), 1063–1070. https://doi.org/10.1037/0022-3514.54.6.1063",9,Jittery,False,needs_verification,,,
Negative affect (PANAS),panas_negative_affect,Positive and negative affect,"Watson, D., Clark, L. A., & Tellegen, A. (1988). Development and validation of brief measures of positive and negative affect: The PANAS scales. Journal of Personality and Social Psychology, 54(6), 1063–1070. https://doi.org/10.1037/0022-3514.54.6.1063",10,Afraid,False,needs_verification,,,
Positive affect (PANAS),panas_positive_affect,Positive and negative affect,"Watson, D., Clark, L. A., & Tellegen, A. (1988). Development and validation of brief measures of positive and negative affect: The PANAS scales. Journal of Personality and Social Psychology, 54(6), 1063–1070. https://doi.org/10.1037/0022-3514.54.6.1063",1,Interested,False,needs_verification,,,
Positive affect (PANAS),panas_positive_affect,Positive and negative affect,"Watson, D., Clark, L. A., & Tellegen, A. (1988). Development and validation of brief measures of positive and negative affect: The PANAS scales. Journal of Personality and Social Psychology, 54(6), 1063–1070. https://doi.org/10.1037/0022-3514.54.6.1063",2,Excited,False,needs_verification,,,
Positive affect (PANAS),panas_positive_affect,Positive and negative affect,"Watson, D., Clark, L. A., & Tellegen, A. (1988). Development and validation of brief measures of positive and negative affect: The PANAS scales. Journal of Personality and Social Psychology, 54(6), 1063–1070. https://doi.org/10.1037/0022-3514.54.6.1063",3,Strong,False,needs_verification,,,
Positive affect (PANAS),panas_positive_affect,Positive and negative affect,"Watson, D., Clark, L. A., & Tellegen, A. (1988). Development and validation of brief measures of positive and negative affect: The PANAS scales. Journal of Personality and Social Psychology, 54(6), 1063–1070. https://doi.org/10.1037/0022-3514.54.6.1063",4,Enthusiastic,False,needs_verification,,,
Positive affect (PANAS),panas_positive_affect,Positive and negative affect,"Watson, D., Clark, L. A., & Tellegen, A. (1988). Development and validation of brief measures of positive and negative affect: The PANAS scales. Journal of Personality and Social Psychology, 54(6), 1063–1070. https://doi.org/10.1037/0022-3514.54.6.1063",5,Proud,False,needs_verification,,,
Positive affect (PANAS),panas_positive_affect,Positive and negative affect,"Watson, D., Clark, L. A., & Tellegen, A. (1988). Development and validation of brief measures of positive and negative affect: The PANAS scales. Journal of Personality and Social Psychology, 54(6), 1063–1070. https://doi.org/10.1037/0022-3514.54.6.1063",6,Alert,False,needs_verification,,,
Positive affect (PANAS),panas_positive_affect,Positive and negative affect,"Watson, D., Clark, L. A., & Tellegen, A. (1988). Development and validation of brief measures of positive and negative affect: The PANAS scales. Journal of Personality and Social Psychology, 54(6), 1063–1070. https://doi.org/10.1037/0022-3514.54.6.1063",7,Inspired,False,needs_verification,,,
Positive affect (PANAS),panas_positive_affect,Positive and negative affect,"Watson, D., Clark, L. A., & Tellegen, A. (1988). Development and validation of brief measures of positive and negative affect: The PANAS scales. Journal of Personality and Social Psychology, 54(6), 1063–1070. https://doi.org/10.1037/0022-3514.54.6.1063",8,Determined,False,needs_verification,,,
Positive affect (PANAS),panas_positive_affect,Positive and negative affect,"Watson, D., Clark, L. A., & Tellegen, A. (1988). Development and validation of brief measures of positive and negative affect: The PANAS scales. Journal of Personality and Social Psychology, 54(6), 1063–1070. https://doi.org/10.1037/0022-3514.54.6.1063",9,Attentive,False,needs_verification,,,
Positive affect (PANAS),panas_positive_affect,Positive and negative affect,"Watson, D., Clark, L. A., & Tellegen, A. (1988). Development and validation of brief measures of positive and negative affect: The PANAS scales. Journal of Personality and Social Psychology, 54(6), 1063–1070. https://doi.org/10.1037/0022-3514.54.6.1063",10,Active,False,needs_verification,,,
PTSD Checklist for DSM-5 (PCL-5),pcl_5,PTSD symptoms,"Weathers, F. W., Litz, B. T., Keane, T. M., Palmieri, P. A., Marx, B. P., & Schnurr, P. P. (2013). The PTSD Checklist for DSM-5 (PCL-5). National Center for PTSD.",1,"Repeated, disturbing, and unwanted memories of the stressful experience?",False,needs_verification,,,
PTSD Checklist for DSM-5 (PCL-5),pcl_5,PTSD symptoms,"Weathers, F. W., Litz, B. T., Keane, T. M., Palmieri, P. A., Marx, B. P., & Schnurr, P. P. (2013). The PTSD Checklist for DSM-5 (PCL-5). National Center for PTSD.",2,"Repeated, disturbing dreams of the stressful experience?",False,needs_verification,,,
PTSD Checklist for DSM-5 (PCL-5),pcl_5,PTSD symptoms,"Weathers, F. W., Litz, B. T., Keane, T. M., Palmieri, P. A., Marx, B. P., & Schnurr, P. P. (2013). The PTSD Checklist for DSM-5 (PCL-5). National Center for PTSD.",3,Suddenly feeling or acting as if the stressful experience were actually happening again (as if you were actually back there reliving it)?,False,needs_verification,,,
PTSD Checklist for DSM-5 (PCL-5),pcl_5,PTSD symptoms,"Weathers, F. W., Litz, B. T., Keane, T. M., Palmieri, P. A., Marx, B. P., & Schnurr, P. P. (2013). The PTSD Checklist for DSM-5 (PCL-5). National Center for PTSD.",4,Feeling very upset when something reminded you of the stressful experience?,False,needs_verification,,,
PTSD Checklist for DSM-5 (PCL-5),pcl_5,PTSD symptoms,"Weathers, F. W., Litz, B. T., Keane, T. M., Palmieri, P. A., Marx, B. P., & Schnurr, P. P. (2013). The PTSD Checklist for DSM-5 (PCL-5). National Center for PTSD.",5,"Having strong physical reactions when something reminded you of the stressful experience (for example, heart pounding, trouble breathing, sweating)?",False,needs_verification,,,
PTSD Checklist for DSM-5 (PCL-5),pcl_5,PTSD symptoms,"Weathers, F. W., Litz, B. T., Keane, T. M., Palmieri, P. A., Marx, B. P., & Schnurr, P. P. (2013). The PTSD Checklist for DSM-5 (PCL-5). National Center for PTSD.",6,"Avoiding memories, thoughts, or feelings related to the stressful experience?",False,needs_verification,,,
PTSD Checklist for DSM-5 (PCL-5),pcl_5,PTSD symptoms,"Weathers, F. W., Litz, B. T., Keane, T. M., Palmieri, P. A., Marx, B. P., & Schnurr, P. P. (2013). The PTSD Checklist for DSM-5 (PCL-5). National Center for PTSD.",7,"Avoiding external reminders of the stressful experience (for example, people, places, conversations, activities, objects, or situations)?",False,needs_verification,,,
PTSD Checklist for DSM-5 (PCL-5),pcl_5,PTSD symptoms,"Weathers, F. W., Litz, B. T., Keane, T. M., Palmieri, P. A., Marx, B. P., & Schnurr, P. P. (2013). The PTSD Checklist for DSM-5 (PCL-5). National Center for PTSD.",8,Trouble remembering important parts of the stressful experience?,False,needs_verification,,,
PTSD Checklist for DSM-5 (PCL-5),pcl_5,PTSD symptoms,"Weathers, F. W., Litz, B. T., Keane, T. M., Palmieri, P. A., Marx, B. P., & Schnurr, P. P. (2013). The PTSD Checklist for DSM-5 (PCL-5). National Center for PTSD.",9,"Having strong negative beliefs about yourself, other people, or the world (for example, having thoughts such as: I am bad, there is something seriously wrong with me, no one can be trusted, the world is completely dangerous)?",False,needs_verification,,,
PTSD Checklist for DSM-5 (PCL-5),pcl_5,PTSD symptoms,"Weathers, F. W., Litz, B. T., Keane, T. M., Palmieri, P. A., Marx, B. P., & Schnurr, P. P. (2013). The PTSD Checklist for DSM-5 (PCL-5). National Center for PTSD.",10,Blaming yourself or someone else for the stressful experience or what happened after it?,False,needs_verification,,,
PTSD Checklist for DSM-5 (PCL-5),pcl_5,PTSD symptoms,"Weathers, F. W., Litz, B. T., Keane, T. M., Palmieri, P. A., Marx, B. P., & Schnurr, P. P. (2013). The PTSD Checklist for DSM-5 (PCL-5). National Center for PTSD.",11,"Having strong negative feelings such as fear, horror, anger, guilt, or shame?",False,needs_verification,,,
PTSD Checklist for DSM-5 (PCL-5),pcl_5,PTSD symptoms,"Weathers, F. W., Litz, B. T., Keane, T. M., Palmieri, P. A., Marx, B. P., & Schnurr, P. P. (2013). The PTSD Checklist for DSM-5 (PCL-5). National Center for PTSD.",12,Loss of interest in activities that you used to enjoy?,False,needs_verification,,,
PTSD Checklist for DSM-5 (PCL-5),pcl_5,PTSD symptoms,"Weathers, F. W., Litz, B. T., Keane, T. M., Palmieri, P. A., Marx, B. P., & Schnurr, P. P. (2013). The PTSD Checklist for DSM-5 (PCL-5). National Center for PTSD.",13,Feeling distant or cut off from other people?,False,needs_verification,,,
PTSD Checklist for DSM-5 (PCL-5),pcl_5,PTSD symptoms,"Weathers, F. W., Litz, B. T., Keane, T. M., Palmieri, P. A., Marx, B. P., & Schnurr, P. P. (2013). The PTSD Checklist for DSM-5 (PCL-5). National Center for PTSD.",14,"Trouble experiencing positive feelings (for example, being unable to feel happiness or have loving feelings for people close to you)?",False,needs_verification,,,
PTSD Checklist for DSM-5 (PCL-5),pcl_5,PTSD symptoms,"Weathers, F. W., Litz, B. T., Keane, T. M., Palmieri, P. A., Marx, B. P., & Schnurr, P. P. (2013). The PTSD Checklist for DSM-5 (PCL-5). National Center for PTSD.",15,"Irritable behavior, angry outbursts, or acting aggressively?",False,needs_verification,,,
PTSD Checklist for DSM-5 (PCL-5),pcl_5,PTSD symptoms,"Weathers, F. W., Litz, B. T., Keane, T. M., Palmieri, P. A., Marx, B. P., & Schnurr, P. P. (2013). The PTSD Checklist for DSM-5 (PCL-5). National Center for PTSD.",16,Taking too many risks or doing things that could cause you harm?,False,needs_verification,,,
PTSD Checklist for DSM-5 (PCL-5),pcl_5,PTSD symptoms,"Weathers, F. W., Litz, B. T., Keane, T. M., Palmieri, P. A., Marx, B. P., & Schnurr, P. P. (2013). The PTSD Checklist for DSM-5 (PCL-5). National Center for PTSD.",17,Being “superalert” or watchful or on guard?,False,needs_verification,,,
PTSD Checklist for DSM-5 (PCL-5),pcl_5,PTSD symptoms,"Weathers, F. W., Litz, B. T., Keane, T. M., Palmieri, P. A., Marx, B. P., & Schnurr, P. P. (2013). The PTSD Checklist for DSM-5 (PCL-5). National Center for PTSD.",18,Feeling jumpy or easily startled?,False,needs_verification,,,
PTSD Checklist for DSM-5 (PCL-5),pcl_5,PTSD symptoms,"Weathers, F. W., Litz, B. T., Keane, T. M., Palmieri, P. A., Marx, B. P., & Schnurr, P. P. (2013). The PTSD Checklist for DSM-5 (PCL-5). National Center for PTSD.",19,Having difficulty concentrating?,False,needs_verification,,,
PTSD Checklist for DSM-5 (PCL-5),pcl_5,PTSD symptoms,"Weathers, F. W., Litz, B. T., Keane, T. M., Palmieri, P. A., Marx, B. P., & Schnurr, P. P. (2013). The PTSD Checklist for DSM-5 (PCL-5). National Center for PTSD.",20,Trouble falling or staying asleep?,False,needs_verification,,,
Patient Health Questionnaire-9 (PHQ-9),phq_9,Depression symptoms,"Kroenke, K., Spitzer, R. L., & Williams, J. B. W. (2001). The PHQ-9: Validity of a brief depression severity measure. Journal of General Internal Medicine, 16(9), 606–613. https://doi.org/10.1046/j.1525-1497.2001.016009606.x",1,Little interest or pleasure in doing things,False,needs_verification,,,
Patient Health Questionnaire-9 (PHQ-9),phq_9,Depression symptoms,"Kroenke, K., Spitzer, R. L., & Williams, J. B. W. (2001). The PHQ-9: Validity of a brief depression severity measure. Journal of General Internal Medicine, 16(9), 606–613. https://doi.org/10.1046/j.1525-1497.2001.016009606.x",2,"Feeling down, depressed, or hopeless",False,needs_verification,,,
Patient Health Questionnaire-9 (PHQ-9),phq_9,Depression symptoms,"Kroenke, K., Spitzer, R. L., & Williams, J. B. W. (2001). The PHQ-9: Validity of a brief depression severity measure. Journal of General Internal Medicine, 16(9), 606–613. https://doi.org/10.1046/j.1525-1497.2001.016009606.x",3,"Trouble falling or staying asleep, or sleeping too much",False,needs_verification,,,
Patient Health Questionnaire-9 (PHQ-9),phq_9,Depression symptoms,"Kroenke, K., Spitzer, R. L., & Williams, J. B. W. (2001). The PHQ-9: Validity of a brief depression severity measure. Journal of General Internal Medicine, 16(9), 606–613. https://doi.org/10.1046/j.1525-1497.2001.016009606.x",4,Feeling tired or having little energy,False,needs_verification,,,
Patient Health Questionnaire-9 (PHQ-9),phq_9,Depression symptoms,"Kroenke, K., Spitzer, R. L., & Williams, J. B. W. (2001). The PHQ-9: Validity of a brief depression severity measure. Journal of General Internal Medicine, 16(9), 606–613. https://doi.org/10.1046/j.1525-1497.2001.016009606.x",5,Poor appetite or overeating,False,needs_verification,,,
Patient Health Questionnaire-9 (PHQ-9),phq_9,Depression symptoms,"Kroenke, K., Spitzer, R. L., & Williams, J. B. W. (2001). The PHQ-9: Validity of a brief depression severity measure. Journal of General Internal Medicine, 16(9), 606–613. https://doi.org/10.1046/j.1525-1497.2001.016009606.x",6,Feeling bad about yourself — or that you are a failure or have let yourself or your family down,False,needs_verification,,,
Patient Health Questionnaire-9 (PHQ-9),phq_9,Depression symptoms,"Kroenke, K., Spitzer, R. L., & Williams, J. B. W. (2001). The PHQ-9: Validity of a brief depression severity measure. Journal of General Internal Medicine, 16(9), 606–613. https://doi.org/10.1046/j.1525-1497.2001.016009606.x",7,"Trouble concentrating on things, such as reading the newspaper or watching television",False,needs_verification,,,
Patient Health Questionnaire-9 (PHQ-9),phq_9,Depression symptoms,"Kroenke, K., Spitzer, R. L., & Williams, J. B. W. (2001). The PHQ-9: Validity of a brief depression severity measure. Journal of General Internal Medicine, 16(9), 606–613. https://doi.org/10.1046/j.1525-1497.2001.016009606.x",8,Moving or speaking so slowly that other people could have noticed? Or the opposite — being so fidgety or restless that you have been moving around a lot more than usual,False,needs_verification,,,
Patient Health Questionnaire-9 (PHQ-9),phq_9,Depression symptoms,"Kroenke, K., Spitzer, R. L., & Williams, J. B. W. (2001). The PHQ-9: Validity of a brief depression severity measure. Journal of General Internal Medicine, 16(9), 606–613. https://doi.org/10.1046/j.1525-1497.2001.016009606.x",9,"Thoughts that you would be better off dead, or of hurting yourself in some way",False,needs_verification,,,
Rosenberg Self-Esteem Scale (RSES),rses,Self-esteem,"Rosenberg, M. (1965). Society and the adolescent self-image. Princeton University Press.",1,"On the whole, I am satisfied with myself.",False,needs_verification,,,
Rosenberg Self-Esteem Scale (RSES),rses,Self-esteem,"Rosenberg, M. (1965). Society and the adolescent self-image. Princeton University Press.",2,At times I think I am no good at all.,False,needs_verification,,,
Rosenberg Self-Esteem Scale (RSES),rses,Self-esteem,"Rosenberg, M. (1965). Society and the adolescent self-image. Princeton University Press.",3,I feel that I have a number of good qualities.,False,needs_verification,,,
Rosenberg Self-Esteem Scale (RSES),rses,Self-esteem,"Rosenberg, M. (1965). Society and the adolescent self-image. Princeton University Press.",4,I am able to do things as well as most other people.,False,needs_verification,,,
Rosenberg Self-Esteem Scale (RSES),rses,Self-esteem,"Rosenberg, M. (1965). Society and the adolescent self-image. Princeton University Press.",5,I feel I do not have much to be proud of.,False,needs_verification,,,
Rosenberg Self-Esteem Scale (RSES),rses,Self-esteem,"Rosenberg, M. (1965). Society and the adolescent self-image. Princeton University Press.",6,I certainly feel useless at times.,False,needs_verification,,,
Rosenberg Self-Esteem Scale (RSES),rses,Self-esteem,"Rosenberg, M. (1965). Society and the adolescent self-image. Princeton University Press.",7,"I feel that I'm a person of worth, at least on an equal plane with others.",False,needs_verification,,,
Rosenberg Self-Esteem Scale (RSES),rses,Self-esteem,"Rosenberg, M. (1965). Society and the adolescent self-image. Princeton University Press.",8,I wish I could have more respect for myself.,False,needs_verification,,,
Rosenberg Self-Esteem Scale (RSES),rses,Self-esteem,"Rosenberg, M. (1965). Society and the adolescent self-image. Princeton University Press.",9,"All in all, I am inclined to feel that I am a failure.",False,needs_verification,,,
Rosenberg Self-Esteem Scale (RSES),rses,Self-esteem,"Rosenberg, M. (1965). Society and the adolescent self-image. Princeton University Press.",10,I take a positive attitude toward myself.,False,needs_verification,,,
Satisfaction with Life,satisfaction_with_life,well-being,"Diener, E., Emmons, R. A., Larsen, R. J., & Griffin, S. (1985). The Satisfaction with Life Scale. Journal of Personality Assessment, 49(1).",1,In most ways my life is close to my ideal.,False,needs_verification,,,
Satisfaction with Life,satisfaction_with_life,well-being,"Diener, E., Emmons, R. A., Larsen, R. J., & Griffin, S. (1985). The Satisfaction with Life Scale. Journal of Personality Assessment, 49(1).",2,The conditions of my life are excellent.,False,needs_verification,,,
Satisfaction with Life,satisfaction_with_life,well-being,"Diener, E., Emmons, R. A., Larsen, R. J., & Griffin, S. (1985). The Satisfaction with Life Scale. Journal of Personality Assessment, 49(1).",3,I am satisfied with my life.,False,needs_verification,,,
Satisfaction with Life,satisfaction_with_life,well-being,"Diener, E., Emmons, R. A., Larsen, R. J., & Griffin, S. (1985). The Satisfaction with Life Scale. Journal of Personality Assessment, 49(1).",4,So far I have gotten the important things I want in life.,False,needs_verification,,,
Satisfaction with Life,satisfaction_with_life,well-being,"Diener, E., Emmons, R. A., Larsen, R. J., & Griffin, S. (1985). The Satisfaction with Life Scale. Journal of Personality Assessment, 49(1).",5,"If I could live my life over, I would change almost nothing.",False,needs_verification,,,
Common humanity (SCS-SF),scs_sf_common_humanity,Self-compassion,"Raes, F., Pommier, E., Neff, K. D., & Van Gucht, D. (2011). Construction and factorial validation of a short form of the Self-Compassion Scale. Clinical Psychology & Psychotherapy, 18(3), 250–255. https://doi.org/10.1002/cpp.702",1,I try to see my failings as part of the human condition.,False,needs_verification,,,
Common humanity (SCS-SF),scs_sf_common_humanity,Self-compassion,"Raes, F., Pommier, E., Neff, K. D., & Van Gucht, D. (2011). Construction and factorial validation of a short form of the Self-Compassion Scale. Clinical Psychology & Psychotherapy, 18(3), 250–255. https://doi.org/10.1002/cpp.702",2,"When I feel inadequate in some way, I try to remind myself that feelings of inadequacy are shared by most people.",False,needs_verification,,,
Isolation (SCS-SF),scs_sf_isolation,Self-compassion,"Raes, F., Pommier, E., Neff, K. D., & Van Gucht, D. (2011). Construction and factorial validation of a short form of the Self-Compassion Scale. Clinical Psychology & Psychotherapy, 18(3), 250–255. https://doi.org/10.1002/cpp.702",1,"When I’m feeling down, I tend to feel like most other people are probably happier than I am.",False,needs_verification,,,
Isolation (SCS-SF),scs_sf_isolation,Self-compassion,"Raes, F., Pommier, E., Neff, K. D., & Van Gucht, D. (2011). Construction and factorial validation of a short form of the Self-Compassion Scale. Clinical Psychology & Psychotherapy, 18(3), 250–255. https://doi.org/10.1002/cpp.702",2,"When I fail at something that’s important to me, I tend to feel alone in my failure.",False,needs_verification,,,
Mindfulness (SCS-SF),scs_sf_mindfulness,Self-compassion,"Raes, F., Pommier, E., Neff, K. D., & Van Gucht, D. (2011). Construction and factorial validation of a short form of the Self-Compassion Scale. Clinical Psychology & Psychotherapy, 18(3), 250–255. https://doi.org/10.1002/cpp.702",1,When something painful happens I try to take a balanced view of the situation.,False,needs_verification,,,
Mindfulness (SCS-SF),scs_sf_mindfulness,Self-compassion,"Raes, F., Pommier, E., Neff, K. D., & Van Gucht, D. (2011). Construction and factorial validation of a short form of the Self-Compassion Scale. Clinical Psychology & Psychotherapy, 18(3), 250–255. https://doi.org/10.1002/cpp.702",2,When something upsets me I try to keep my emotions in balance.,False,needs_verification,,,
Over-identification (SCS-SF),scs_sf_over_identification,Self-compassion,"Raes, F., Pommier, E., Neff, K. D., & Van Gucht, D. (2011). Construction and factorial validation of a short form of the Self-Compassion Scale. Clinical Psychology & Psychotherapy, 18(3), 250–255. https://doi.org/10.1002/cpp.702",1,When I’m feeling down I tend to obsess and fixate on everything that’s wrong.,False,needs_verification,,,
Self-judgment (SCS-SF),scs_sf_self_judgment,Self-compassion,"Raes, F., Pommier, E., Neff, K. D., & Van Gucht, D. (2011). Construction and factorial validation of a short form of the Self-Compassion Scale. Clinical Psychology & Psychotherapy, 18(3), 250–255. https://doi.org/10.1002/cpp.702",1,When I fail at something important to me I become consumed by feelings of inadequacy.,False,needs_verification,,,
Self-judgment (SCS-SF),scs_sf_self_judgment,Self-compassion,"Raes, F., Pommier, E., Neff, K. D., & Van Gucht, D. (2011). Construction and factorial validation of a short form of the Self-Compassion Scale. Clinical Psychology & Psychotherapy, 18(3), 250–255. https://doi.org/10.1002/cpp.702",2,I’m disapproving and judgmental about my own flaws and inadequacies.,False,needs_verification,,,
Self-judgment (SCS-SF),scs_sf_self_judgment,Self-compassion,"Raes, F., Pommier, E., Neff, K. D., & Van Gucht, D. (2011). Construction and factorial validation of a short form of the Self-Compassion Scale. Clinical Psychology & Psychotherapy, 18(3), 250–255. https://doi.org/10.1002/cpp.702",3,I’m intolerant and impatient towards those aspects of my personality I don’t like.,False,needs_verification,,,
Self-kindness (SCS-SF),scs_sf_self_kindness,Self-compassion,"Raes, F., Pommier, E., Neff, K. D., & Van Gucht, D. (2011). Construction and factorial validation of a short form of the Self-Compassion Scale. Clinical Psychology & Psychotherapy, 18(3), 250–255. https://doi.org/10.1002/cpp.702",1,I try to be understanding and patient towards those aspects of my personality I don’t like.,False,needs_verification,,,
Self-kindness (SCS-SF),scs_sf_self_kindness,Self-compassion,"Raes, F., Pommier, E., Neff, K. D., & Van Gucht, D. (2011). Construction and factorial validation of a short form of the Self-Compassion Scale. Clinical Psychology & Psychotherapy, 18(3), 250–255. https://doi.org/10.1002/cpp.702",2,"When I’m going through a very hard time, I give myself the caring and tenderness I need.",False,needs_verification,,,
Anti-egalitarianism (SDO7),sdo7_anti_egalitarianism,Social dominance orientation,"Ho, A. K., Sidanius, J., Kteily, N., Sheehy-Skeffington, J., Pratto, F., Henkel, K. E., Foels, R., & Stewart, A. L. (2015). The nature of social dominance orientation: Theorizing and measuring preferences for intergroup inequality using the new SDO7 scale. Journal of Personality and Social Psychology, 109(6), 1003–1028. https://doi.org/10.1037/pspi0000033",1,We should not push for group equality.,False,needs_verification,,,
Anti-egalitarianism (SDO7),sdo7_anti_egalitarianism,Social dominance orientation,"Ho, A. K., Sidanius, J., Kteily, N., Sheehy-Skeffington, J., Pratto, F., Henkel, K. E., Foels, R., & Stewart, A. L. (2015). The nature of social dominance orientation: Theorizing and measuring preferences for intergroup inequality using the new SDO7 scale. Journal of Personality and Social Psychology, 109(6), 1003–1028. https://doi.org/10.1037/pspi0000033",2,We shouldn’t try to guarantee that every group has the same quality of life.,False,needs_verification,,,
Anti-egalitarianism (SDO7),sdo7_anti_egalitarianism,Social dominance orientation,"Ho, A. K., Sidanius, J., Kteily, N., Sheehy-Skeffington, J., Pratto, F., Henkel, K. E., Foels, R., & Stewart, A. L. (2015). The nature of social dominance orientation: Theorizing and measuring preferences for intergroup inequality using the new SDO7 scale. Journal of Personality and Social Psychology, 109(6), 1003–1028. https://doi.org/10.1037/pspi0000033",3,It is unjust to try to make groups equal.,False,needs_verification,,,
Anti-egalitarianism (SDO7),sdo7_anti_egalitarianism,Social dominance orientation,"Ho, A. K., Sidanius, J., Kteily, N., Sheehy-Skeffington, J., Pratto, F., Henkel, K. E., Foels, R., & Stewart, A. L. (2015). The nature of social dominance orientation: Theorizing and measuring preferences for intergroup inequality using the new SDO7 scale. Journal of Personality and Social Psychology, 109(6), 1003–1028. https://doi.org/10.1037/pspi0000033",4,Group equality should not be our primary goal.,False,needs_verification,,,
Anti-egalitarianism (SDO7),sdo7_anti_egalitarianism,Social dominance orientation,"Ho, A. K., Sidanius, J., Kteily, N., Sheehy-Skeffington, J., Pratto, F., Henkel, K. E., Foels, R., & Stewart, A. L. (2015). The nature of social dominance orientation: Theorizing and measuring preferences for intergroup inequality using the new SDO7 scale. Journal of Personality and Social Psychology, 109(6), 1003–1028. https://doi.org/10.1037/pspi0000033",5,We should work to give all groups an equal chance to succeed.,True,needs_verification,,,
Anti-egalitarianism (SDO7),sdo7_anti_egalitarianism,Social dominance orientation,"Ho, A. K., Sidanius, J., Kteily, N., Sheehy-Skeffington, J., Pratto, F., Henkel, K. E., Foels, R., & Stewart, A. L. (2015). The nature of social dominance orientation: Theorizing and measuring preferences for intergroup inequality using the new SDO7 scale. Journal of Personality and Social Psychology, 109(6), 1003–1028. https://doi.org/10.1037/pspi0000033",6,We should do what we can to equalize conditions for different groups.,True,needs_verification,,,
Anti-egalitarianism (SDO7),sdo7_anti_egalitarianism,Social dominance orientation,"Ho, A. K., Sidanius, J., Kteily, N., Sheehy-Skeffington, J., Pratto, F., Henkel, K. E., Foels, R., & Stewart, A. L. (2015). The nature of social dominance orientation: Theorizing and measuring preferences for intergroup inequality using the new SDO7 scale. Journal of Personality and Social Psychology, 109(6), 1003–1028. https://doi.org/10.1037/pspi0000033",7,"No matter how much effort it takes, we ought to strive to ensure that all groups have the same chance in life.",True,needs_verification,,,
Anti-egalitarianism (SDO7),sdo7_anti_egalitarianism,Social dominance orientation,"Ho, A. K., Sidanius, J., Kteily, N., Sheehy-Skeffington, J., Pratto, F., Henkel, K. E., Foels, R., & Stewart, A. L. (2015). The nature of social dominance orientation: Theorizing and measuring preferences for intergroup inequality using the new SDO7 scale. Journal of Personality and Social Psychology, 109(6), 1003–1028. https://doi.org/10.1037/pspi0000033",8,Group equality should be our ideal.,True,needs_verification,,,
Dominance (SDO7),sdo7_dominance,Social dominance orientation,"Ho, A. K., Sidanius, J., Kteily, N., Sheehy-Skeffington, J., Pratto, F., Henkel, K. E., Foels, R., & Stewart, A. L. (2015). The nature of social dominance orientation: Theorizing and measuring preferences for intergroup inequality using the new SDO7 scale. Journal of Personality and Social Psychology, 109(6), 1003–1028. https://doi.org/10.1037/pspi0000033",1,Some groups of people must be kept in their place.,False,needs_verification,,,
Dominance (SDO7),sdo7_dominance,Social dominance orientation,"Ho, A. K., Sidanius, J., Kteily, N., Sheehy-Skeffington, J., Pratto, F., Henkel, K. E., Foels, R., & Stewart, A. L. (2015). The nature of social dominance orientation: Theorizing and measuring preferences for intergroup inequality using the new SDO7 scale. Journal of Personality and Social Psychology, 109(6), 1003–1028. https://doi.org/10.1037/pspi0000033",2,It’s probably a good thing that certain groups are at the top and other groups are at the bottom.,False,needs_verification,,,
Dominance (SDO7),sdo7_dominance,Social dominance orientation,"Ho, A. K., Sidanius, J., Kteily, N., Sheehy-Skeffington, J., Pratto, F., Henkel, K. E., Foels, R., & Stewart, A. L. (2015). The nature of social dominance orientation: Theorizing and measuring preferences for intergroup inequality using the new SDO7 scale. Journal of Personality and Social Psychology, 109(6), 1003–1028. https://doi.org/10.1037/pspi0000033",3,An ideal society requires some groups to be on top and others to be on the bottom.,False,needs_verification,,,
Dominance (SDO7),sdo7_dominance,Social dominance orientation,"Ho, A. K., Sidanius, J., Kteily, N., Sheehy-Skeffington, J., Pratto, F., Henkel, K. E., Foels, R., & Stewart, A. L. (2015). The nature of social dominance orientation: Theorizing and measuring preferences for intergroup inequality using the new SDO7 scale. Journal of Personality and Social Psychology, 109(6), 1003–1028. https://doi.org/10.1037/pspi0000033",4,Some groups of people are simply inferior to other groups.,False,needs_verification,,,
Dominance (SDO7),sdo7_dominance,Social dominance orientation,"Ho, A. K., Sidanius, J., Kteily, N., Sheehy-Skeffington, J., Pratto, F., Henkel, K. E., Foels, R., & Stewart, A. L. (2015). The nature of social dominance orientation: Theorizing and measuring preferences for intergroup inequality using the new SDO7 scale. Journal of Personality and Social Psychology, 109(6), 1003–1028. https://doi.org/10.1037/pspi0000033",5,Groups at the bottom are just as deserving as groups at the top.,True,needs_verification,,,
Dominance (SDO7),sdo7_dominance,Social dominance orientation,"Ho, A. K., Sidanius, J., Kteily, N., Sheehy-Skeffington, J., Pratto, F., Henkel, K. E., Foels, R., & Stewart, A. L. (2015). The nature of social dominance orientation: Theorizing and measuring preferences for intergroup inequality using the new SDO7 scale. Journal of Personality and Social Psychology, 109(6), 1003–1028. https://doi.org/10.1037/pspi0000033",6,No one group should dominate in society.,True,needs_verification,,,
Dominance (SDO7),sdo7_dominance,Social dominance orientation,"Ho, A. K., Sidanius, J., Kteily, N., Sheehy-Skeffington, J., Pratto, F., Henkel, K. E., Foels, R., & Stewart, A. L. (2015). The nature of social dominance orientation: Theorizing and measuring preferences for intergroup inequality using the new SDO7 scale. Journal of Personality and Social Psychology, 109(6), 1003–1028. https://doi.org/10.1037/pspi0000033",7,Groups at the bottom should not have to stay in their place.,True,needs_verification,,,
Dominance (SDO7),sdo7_dominance,Social dominance orientation,"Ho, A. K., Sidanius, J., Kteily, N., Sheehy-Skeffington, J., Pratto, F., Henkel, K. E., Foels, R., & Stewart, A. L. (2015). The nature of social dominance orientation: Theorizing and measuring preferences for intergroup inequality using the new SDO7 scale. Journal of Personality and Social Psychology, 109(6), 1003–1028. https://doi.org/10.1037/pspi0000033",8,Group dominance is a poor principle.,True,needs_verification,,,
Subjective Happiness Scale (SHS),shs,Subjective happiness,"Lyubomirsky, S., & Lepper, H. S. (1999). A measure of subjective happiness: Preliminary reliability and construct validation. Social Indicators Research, 46, 137–155. https://doi.org/10.1023/A:1006824100041",1,"In general, I consider myself:",False,needs_verification,,,
Subjective Happiness Scale (SHS),shs,Subjective happiness,"Lyubomirsky, S., & Lepper, H. S. (1999). A measure of subjective happiness: Preliminary reliability and construct validation. Social Indicators Research, 46, 137–155. https://doi.org/10.1023/A:1006824100041",2,"Compared with most of my peers, I consider myself:",False,needs_verification,,,
Subjective Happiness Scale (SHS),shs,Subjective happiness,"Lyubomirsky, S., & Lepper, H. S. (1999). A measure of subjective happiness: Preliminary reliability and construct validation. Social Indicators Research, 46, 137–155. https://doi.org/10.1023/A:1006824100041",3,"Some people are generally very happy. They enjoy life regardless of what is going on, getting the most out of everything. To what extent does this characterization describe you?",False,needs_verification,,,
Subjective Happiness Scale (SHS),shs,Subjective happiness,"Lyubomirsky, S., & Lepper, H. S. (1999). A measure of subjective happiness: Preliminary reliability and construct validation. Social Indicators Research, 46, 137–155. https://doi.org/10.1023/A:1006824100041",4,"Some people are generally not very happy. Although they are not depressed, they never seem as happy as they might be. To what extent does this characterization describe you?",False,needs_verification,,,
Single Item Narcissism Scale (SINS),sins,Narcissism,"Konrath, S., Meier, B. P., & Bushman, B. J. (2014). Development and validation of the Single Item Narcissism Scale (SINS). PLoS ONE, 9(8), e103469. https://doi.org/10.1371/journal.pone.0103469",1,"To what extent do you agree with this statement: I am a narcissist. (Note: The word “narcissist” means egotistical, self-focused, and vain.)",False,needs_verification,,,
Negative (SPANE),spane_negative,Positive and negative affect,"Diener, E., Wirtz, D., Tov, W., Kim-Prieto, C., Choi, D., Oishi, S., & Biswas-Diener, R. (2010). New well-being measures: Short scales to assess flourishing and positive and negative feelings. Social Indicators Research, 97, 143–156. https://doi.org/10.1007/s11205-009-9493-y",1,Negative,False,needs_verification,,,
Negative (SPANE),spane_negative,Positive and negative affect,"Diener, E., Wirtz, D., Tov, W., Kim-Prieto, C., Choi, D., Oishi, S., & Biswas-Diener, R. (2010). New well-being measures: Short scales to assess flourishing and positive and negative feelings. Social Indicators Research, 97, 143–156. https://doi.org/10.1007/s11205-009-9493-y",2,Bad,False,needs_verification,,,
Negative (SPANE),spane_negative,Positive and negative affect,"Diener, E., Wirtz, D., Tov, W., Kim-Prieto, C., Choi, D., Oishi, S., & Biswas-Diener, R. (2010). New well-being measures: Short scales to assess flourishing and positive and negative feelings. Social Indicators Research, 97, 143–156. https://doi.org/10.1007/s11205-009-9493-y",3,Unpleasant,False,needs_verification,,,
Negative (SPANE),spane_negative,Positive and negative affect,"Diener, E., Wirtz, D., Tov, W., Kim-Prieto, C., Choi, D., Oishi, S., & Biswas-Diener, R. (2010). New well-being measures: Short scales to assess flourishing and positive and negative feelings. Social Indicators Research, 97, 143–156. https://doi.org/10.1007/s11205-009-9493-y",4,Sad,False,needs_verification,,,
Negative (SPANE),spane_negative,Positive and negative affect,"Diener, E., Wirtz, D., Tov, W., Kim-Prieto, C., Choi, D., Oishi, S., & Biswas-Diener, R. (2010). New well-being measures: Short scales to assess flourishing and positive and negative feelings. Social Indicators Research, 97, 143–156. https://doi.org/10.1007/s11205-009-9493-y",5,Afraid,False,needs_verification,,,
Negative (SPANE),spane_negative,Positive and negative affect,"Diener, E., Wirtz, D., Tov, W., Kim-Prieto, C., Choi, D., Oishi, S., & Biswas-Diener, R. (2010). New well-being measures: Short scales to assess flourishing and positive and negative feelings. Social Indicators Research, 97, 143–156. https://doi.org/10.1007/s11205-009-9493-y",6,Angry,False,needs_verification,,,
Positive (SPANE),spane_positive,Positive and negative affect,"Diener, E., Wirtz, D., Tov, W., Kim-Prieto, C., Choi, D., Oishi, S., & Biswas-Diener, R. (2010). New well-being measures: Short scales to assess flourishing and positive and negative feelings. Social Indicators Research, 97, 143–156. https://doi.org/10.1007/s11205-009-9493-y",1,Positive,False,needs_verification,,,
Positive (SPANE),spane_positive,Positive and negative affect,"Diener, E., Wirtz, D., Tov, W., Kim-Prieto, C., Choi, D., Oishi, S., & Biswas-Diener, R. (2010). New well-being measures: Short scales to assess flourishing and positive and negative feelings. Social Indicators Research, 97, 143–156. https://doi.org/10.1007/s11205-009-9493-y",2,Good,False,needs_verification,,,
Positive (SPANE),spane_positive,Positive and negative affect,"Diener, E., Wirtz, D., Tov, W., Kim-Prieto, C., Choi, D., Oishi, S., & Biswas-Diener, R. (2010). New well-being measures: Short scales to assess flourishing and positive and negative feelings. Social Indicators Research, 97, 143–156. https://doi.org/10.1007/s11205-009-9493-y",3,Pleasant,False,needs_verification,,,
Positive (SPANE),spane_positive,Positive and negative affect,"Diener, E., Wirtz, D., Tov, W., Kim-Prieto, C., Choi, D., Oishi, S., & Biswas-Diener, R. (2010). New well-being measures: Short scales to assess flourishing and positive and negative feelings. Social Indicators Research, 97, 143–156. https://doi.org/10.1007/s11205-009-9493-y",4,Happy,False,needs_verification,,,
Positive (SPANE),spane_positive,Positive and negative affect,"Diener, E., Wirtz, D., Tov, W., Kim-Prieto, C., Choi, D., Oishi, S., & Biswas-Diener, R. (2010). New well-being measures: Short scales to assess flourishing and positive and negative feelings. Social Indicators Research, 97, 143–156. https://doi.org/10.1007/s11205-009-9493-y",5,Joyful,False,needs_verification,,,
Positive (SPANE),spane_positive,Positive and negative affect,"Diener, E., Wirtz, D., Tov, W., Kim-Prieto, C., Choi, D., Oishi, S., & Biswas-Diener, R. (2010). New well-being measures: Short scales to assess flourishing and positive and negative feelings. Social Indicators Research, 97, 143–156. https://doi.org/10.1007/s11205-009-9493-y",6,Contented,False,needs_verification,,,
Team Psychological Safety Scale,team_psychological_safety_scale,Psychological safety,"Edmondson, A. (1999). Psychological safety and learning behavior in work teams. Administrative Science Quarterly, 44(2), 350–383. https://doi.org/10.2307/2666999",1,"If you make a mistake on this team, it is often held against you.",False,needs_verification,,,
Team Psychological Safety Scale,team_psychological_safety_scale,Psychological safety,"Edmondson, A. (1999). Psychological safety and learning behavior in work teams. Administrative Science Quarterly, 44(2), 350–383. https://doi.org/10.2307/2666999",2,Members of this team are able to bring up problems and tough issues.,False,needs_verification,,,
Team Psychological Safety Scale,team_psychological_safety_scale,Psychological safety,"Edmondson, A. (1999). Psychological safety and learning behavior in work teams. Administrative Science Quarterly, 44(2), 350–383. https://doi.org/10.2307/2666999",3,People on this team sometimes reject others for being different.,False,needs_verification,,,
Team Psychological Safety Scale,team_psychological_safety_scale,Psychological safety,"Edmondson, A. (1999). Psychological safety and learning behavior in work teams. Administrative Science Quarterly, 44(2), 350–383. https://doi.org/10.2307/2666999",4,It is safe to take a risk on this team.,False,needs_verification,,,
Team Psychological Safety Scale,team_psychological_safety_scale,Psychological safety,"Edmondson, A. (1999). Psychological safety and learning behavior in work teams. Administrative Science Quarterly, 44(2), 350–383. https://doi.org/10.2307/2666999",5,It is difficult to ask other members of this team for help.,False,needs_verification,,,
Team Psychological Safety Scale,team_psychological_safety_scale,Psychological safety,"Edmondson, A. (1999). Psychological safety and learning behavior in work teams. Administrative Science Quarterly, 44(2), 350–383. https://doi.org/10.2307/2666999",6,No one on this team would deliberately act in a way that undermines my efforts.,False,needs_verification,,,
Team Psychological Safety Scale,team_psychological_safety_scale,Psychological safety,"Edmondson, A. (1999). Psychological safety and learning behavior in work teams. Administrative Science Quarterly, 44(2), 350–383. https://doi.org/10.2307/2666999",7,"Working with members of this team, my unique skills and talents are valued and utilized.",False,needs_verification,,,
Toronto Empathy Questionnaire (TEQ),teq,Empathy,"Spreng, R. N., McKinnon, M. C., Mar, R. A., & Levine, B. (2009). The Toronto Empathy Questionnaire: Scale development and initial validation of a factor-analytic solution to multiple empathy measures. Journal of Personality Assessment, 91(1), 62–71. https://doi.org/10.1080/00223890802484381",1,"When someone else is feeling excited, I tend to get excited too",False,needs_verification,,,
Toronto Empathy Questionnaire (TEQ),teq,Empathy,"Spreng, R. N., McKinnon, M. C., Mar, R. A., & Levine, B. (2009). The Toronto Empathy Questionnaire: Scale development and initial validation of a factor-analytic solution to multiple empathy measures. Journal of Personality Assessment, 91(1), 62–71. https://doi.org/10.1080/00223890802484381",2,Other people's misfortunes do not disturb me a great deal,False,needs_verification,,,
Toronto Empathy Questionnaire (TEQ),teq,Empathy,"Spreng, R. N., McKinnon, M. C., Mar, R. A., & Levine, B. (2009). The Toronto Empathy Questionnaire: Scale development and initial validation of a factor-analytic solution to multiple empathy measures. Journal of Personality Assessment, 91(1), 62–71. https://doi.org/10.1080/00223890802484381",3,It upsets me to see someone being treated disrespectfully,False,needs_verification,,,
Toronto Empathy Questionnaire (TEQ),teq,Empathy,"Spreng, R. N., McKinnon, M. C., Mar, R. A., & Levine, B. (2009). The Toronto Empathy Questionnaire: Scale development and initial validation of a factor-analytic solution to multiple empathy measures. Journal of Personality Assessment, 91(1), 62–71. https://doi.org/10.1080/00223890802484381",4,I remain unaffected when someone close to me is happy,False,needs_verification,,,
Toronto Empathy Questionnaire (TEQ),teq,Empathy,"Spreng, R. N., McKinnon, M. C., Mar, R. A., & Levine, B. (2009). The Toronto Empathy Questionnaire: Scale development and initial validation of a factor-analytic solution to multiple empathy measures. Journal of Personality Assessment, 91(1), 62–71. https://doi.org/10.1080/00223890802484381",5,I enjoy making other people feel better,False,needs_verification,,,
Toronto Empathy Questionnaire (TEQ),teq,Empathy,"Spreng, R. N., McKinnon, M. C., Mar, R. A., & Levine, B. (2009). The Toronto Empathy Questionnaire: Scale development and initial validation of a factor-analytic solution to multiple empathy measures. Journal of Personality Assessment, 91(1), 62–71. https://doi.org/10.1080/00223890802484381",6,"I have tender, concerned feelings for people less fortunate than me",False,needs_verification,,,
Toronto Empathy Questionnaire (TEQ),teq,Empathy,"Spreng, R. N., McKinnon, M. C., Mar, R. A., & Levine, B. (2009). The Toronto Empathy Questionnaire: Scale development and initial validation of a factor-analytic solution to multiple empathy measures. Journal of Personality Assessment, 91(1), 62–71. https://doi.org/10.1080/00223890802484381",7,"When a friend starts to talk about his/her problems, I try to steer the conversation towards something else",False,needs_verification,,,
Toronto Empathy Questionnaire (TEQ),teq,Empathy,"Spreng, R. N., McKinnon, M. C., Mar, R. A., & Levine, B. (2009). The Toronto Empathy Questionnaire: Scale development and initial validation of a factor-analytic solution to multiple empathy measures. Journal of Personality Assessment, 91(1), 62–71. https://doi.org/10.1080/00223890802484381",8,I can tell when others are sad even when they do not say anything,False,needs_verification,,,
Toronto Empathy Questionnaire (TEQ),teq,Empathy,"Spreng, R. N., McKinnon, M. C., Mar, R. A., & Levine, B. (2009). The Toronto Empathy Questionnaire: Scale development and initial validation of a factor-analytic solution to multiple empathy measures. Journal of Personality Assessment, 91(1), 62–71. https://doi.org/10.1080/00223890802484381",9,I find that I am “in tune” with other people's moods,False,needs_verification,,,
Toronto Empathy Questionnaire (TEQ),teq,Empathy,"Spreng, R. N., McKinnon, M. C., Mar, R. A., & Levine, B. (2009). The Toronto Empathy Questionnaire: Scale development and initial validation of a factor-analytic solution to multiple empathy measures. Journal of Personality Assessment, 91(1), 62–71. https://doi.org/10.1080/00223890802484381",10,I do not feel sympathy for people who cause their own serious illnesses,False,needs_verification,,,
Toronto Empathy Questionnaire (TEQ),teq,Empathy,"Spreng, R. N., McKinnon, M. C., Mar, R. A., & Levine, B. (2009). The Toronto Empathy Questionnaire: Scale development and initial validation of a factor-analytic solution to multiple empathy measures. Journal of Personality Assessment, 91(1), 62–71. https://doi.org/10.1080/00223890802484381",11,I become irritated when someone cries,False,needs_verification,,,
Toronto Empathy Questionnaire (TEQ),teq,Empathy,"Spreng, R. N., McKinnon, M. C., Mar, R. A., & Levine, B. (2009). The Toronto Empathy Questionnaire: Scale development and initial validation of a factor-analytic solution to multiple empathy measures. Journal of Personality Assessment, 91(1), 62–71. https://doi.org/10.1080/00223890802484381",12,I am not really interested in how other people feel,False,needs_verification,,,
Toronto Empathy Questionnaire (TEQ),teq,Empathy,"Spreng, R. N., McKinnon, M. C., Mar, R. A., & Levine, B. (2009). The Toronto Empathy Questionnaire: Scale development and initial validation of a factor-analytic solution to multiple empathy measures. Journal of Personality Assessment, 91(1), 62–71. https://doi.org/10.1080/00223890802484381",13,I get a strong urge to help when I see someone who is upset,False,needs_verification,,,
Toronto Empathy Questionnaire (TEQ),teq,Empathy,"Spreng, R. N., McKinnon, M. C., Mar, R. A., & Levine, B. (2009). The Toronto Empathy Questionnaire: Scale development and initial validation of a factor-analytic solution to multiple empathy measures. Journal of Personality Assessment, 91(1), 62–71. https://doi.org/10.1080/00223890802484381",14,"When I see someone being treated unfairly, I do not feel very much pity for them",False,needs_verification,,,
Toronto Empathy Questionnaire (TEQ),teq,Empathy,"Spreng, R. N., McKinnon, M. C., Mar, R. A., & Levine, B. (2009). The Toronto Empathy Questionnaire: Scale development and initial validation of a factor-analytic solution to multiple empathy measures. Journal of Personality Assessment, 91(1), 62–71. https://doi.org/10.1080/00223890802484381",15,I find it silly for people to cry out of happiness,False,needs_verification,,,
Toronto Empathy Questionnaire (TEQ),teq,Empathy,"Spreng, R. N., McKinnon, M. C., Mar, R. A., & Levine, B. (2009). The Toronto Empathy Questionnaire: Scale development and initial validation of a factor-analytic solution to multiple empathy measures. Journal of Personality Assessment, 91(1), 62–71. https://doi.org/10.1080/00223890802484381",16,"When I see someone being taken advantage of, I feel kind of protective towards him/her",False,needs_verification,,,
Agreeableness (TIPI),tipi_agreeableness,Big Five personality traits,"Gosling, S. D., Rentfrow, P. J., & Swann, W. B., Jr. (2003). A very brief measure of the Big-Five personality domains. Journal of Research in Personality, 37(6), 504–528. https://doi.org/10.1016/S0092-6566(03)00046-1",1,"Critical, quarrelsome.",True,needs_verification,,,
Agreeableness (TIPI),tipi_agreeableness,Big Five personality traits,"Gosling, S. D., Rentfrow, P. J., & Swann, W. B., Jr. (2003). A very brief measure of the Big-Five personality domains. Journal of Research in Personality, 37(6), 504–528. https://doi.org/10.1016/S0092-6566(03)00046-1",2,"Sympathetic, warm.",False,needs_verification,,,
Conscientiousness (TIPI),tipi_conscientiousness,Big Five personality traits,"Gosling, S. D., Rentfrow, P. J., & Swann, W. B., Jr. (2003). A very brief measure of the Big-Five personality domains. Journal of Research in Personality, 37(6), 504–528. https://doi.org/10.1016/S0092-6566(03)00046-1",1,"Dependable, self-disciplined.",False,needs_verification,,,
Conscientiousness (TIPI),tipi_conscientiousness,Big Five personality traits,"Gosling, S. D., Rentfrow, P. J., & Swann, W. B., Jr. (2003). A very brief measure of the Big-Five personality domains. Journal of Research in Personality, 37(6), 504–528. https://doi.org/10.1016/S0092-6566(03)00046-1",2,"Disorganized, careless.",True,needs_verification,,,
Emotional Stability (TIPI),tipi_emotional_stability,Big Five personality traits,"Gosling, S. D., Rentfrow, P. J., & Swann, W. B., Jr. (2003). A very brief measure of the Big-Five personality domains. Journal of Research in Personality, 37(6), 504–528. https://doi.org/10.1016/S0092-6566(03)00046-1",1,"Anxious, easily upset.",True,needs_verification,,,
Emotional Stability (TIPI),tipi_emotional_stability,Big Five personality traits,"Gosling, S. D., Rentfrow, P. J., & Swann, W. B., Jr. (2003). A very brief measure of the Big-Five personality domains. Journal of Research in Personality, 37(6), 504–528. https://doi.org/10.1016/S0092-6566(03)00046-1",2,"Calm, emotionally stable.",False,needs_verification,,,
Extraversion (TIPI),tipi_extraversion,Big Five personality traits,"Gosling, S. D., Rentfrow, P. J., & Swann, W. B., Jr. (2003). A very brief measure of the Big-Five personality domains. Journal of Research in Personality, 37(6), 504–528. https://doi.org/10.1016/S0092-6566(03)00046-1",1,"Extraverted, enthusiastic.",False,needs_verification,,,
Extraversion (TIPI),tipi_extraversion,Big Five personality traits,"Gosling, S. D., Rentfrow, P. J., & Swann, W. B., Jr. (2003). A very brief measure of the Big-Five personality domains. Journal of Research in Personality, 37(6), 504–528. https://doi.org/10.1016/S0092-6566(03)00046-1",2,"Reserved, quiet.",True,needs_verification,,,
Openness (TIPI),tipi_openness,Big Five personality traits,"Gosling, S. D., Rentfrow, P. J., & Swann, W. B., Jr. (2003). A very brief measure of the Big-Five personality domains. Journal of Research in Personality, 37(6), 504–528. https://doi.org/10.1016/S0092-6566(03)00046-1",1,"Open to new experiences, complex.",False,needs_verification,,,
Openness (TIPI),tipi_openness,Big Five personality traits,"Gosling, S. D., Rentfrow, P. J., & Swann, W. B., Jr. (2003). A very brief measure of the Big-Five personality domains. Journal of Research in Personality, 37(6), 504–528. https://doi.org/10.1016/S0092-6566(03)00046-1",2,"Conventional, uncreative.",True,needs_verification,,,
